"age.1","age.2","age.3","age.4"
0,1,0,0
0,0,1,0
1,0,0,0
0,1,0,0
1,0,0,0
0,1,0,0
0,0,1,0
0,1,0,0
0,1,0,0
0,0,1,0
1,0,0,0
1,0,0,0
0,0,1,0
0,0,1,0
0,1,0,0
0,0,1,0
0,0,1,0
0,1,0,0
0,1,0,0
0,1,0,0
0,0,0,1
0,1,0,0
0,0,0,1
0,1,0,0
0,1,0,0
0,0,0,1
0,1,0,0
0,1,0,0
0,1,0,0
0,0,1,0
0,0,1,0
0,0,1,0
0,0,0,1
0,1,0,0
0,0,0,1
0,0,1,0
0,1,0,0
0,1,0,0
0,0,1,0
0,0,1,0
1,0,0,0
0,0,1,0
1,0,0,0
0,1,0,0
1,0,0,0
0,1,0,0
0,0,1,0
0,0,1,0
1,0,0,0
0,0,1,0
1,0,0,0
1,0,0,0
0,1,0,0
0,1,0,0
0,1,0,0
0,0,1,0
0,1,0,0
0,1,0,0
1,0,0,0
0,0,0,1
0,0,0,1
0,1,0,0
0,1,0,0
0,1,0,0
1,0,0,0
0,0,1,0
0,1,0,0
0,0,0,1
0,0,0,1
0,1,0,0
0,1,0,0
0,0,1,0
0,0,1,0
1,0,0,0
1,0,0,0
0,1,0,0
0,0,1,0
0,1,0,0
0,0,1,0
1,0,0,0
0,1,0,0
1,0,0,0
1,0,0,0
0,0,1,0
0,1,0,0
0,1,0,0
0,0,0,1
0,0,0,1
0,0,1,0
0,0,1,0
1,0,0,0
0,0,1,0
0,1,0,0
0,0,1,0
0,1,0,0
1,0,0,0
1,0,0,0
0,1,0,0
0,1,0,0
0,0,1,0
1,0,0,0
1,0,0,0
1,0,0,0
0,0,1,0
0,1,0,0
0,0,1,0
0,0,1,0
1,0,0,0
0,1,0,0
1,0,0,0
0,0,1,0
1,0,0,0
0,1,0,0
0,0,0,1
0,0,1,0
0,0,1,0
1,0,0,0
0,1,0,0
1,0,0,0
1,0,0,0
1,0,0,0
0,0,0,1
1,0,0,0
0,1,0,0
1,0,0,0
0,1,0,0
0,1,0,0
0,1,0,0
1,0,0,0
0,0,0,1
1,0,0,0
0,0,1,0
0,0,1,0
0,1,0,0
0,1,0,0
0,0,0,1
1,0,0,0
0,0,1,0
0,0,1,0
0,0,0,1
1,0,0,0
0,1,0,0
0,1,0,0
0,0,1,0
0,1,0,0
0,1,0,0
0,0,1,0
0,0,1,0
1,0,0,0
0,1,0,0
0,1,0,0
0,1,0,0
0,0,1,0
0,1,0,0
0,0,1,0
1,0,0,0
1,0,0,0
0,1,0,0
0,1,0,0
0,1,0,0
0,0,1,0
0,1,0,0
0,0,1,0
0,1,0,0
0,0,0,1
0,1,0,0
0,0,1,0
0,1,0,0
1,0,0,0
1,0,0,0
1,0,0,0
0,0,0,1
0,0,0,1
0,1,0,0
1,0,0,0
0,1,0,0
0,1,0,0
0,0,0,1
0,0,1,0
0,1,0,0
0,0,1,0
1,0,0,0
0,1,0,0
0,0,0,1
0,0,1,0
0,1,0,0
1,0,0,0
0,0,1,0
0,0,1,0
0,1,0,0
0,1,0,0
1,0,0,0
0,1,0,0
0,1,0,0
0,0,1,0
0,0,1,0
0,0,1,0
1,0,0,0
0,0,0,1
0,1,0,0
0,1,0,0
0,0,1,0
0,0,0,1
0,0,1,0
0,1,0,0
0,1,0,0
0,0,1,0
0,0,1,0
0,1,0,0
0,1,0,0
0,0,1,0
1,0,0,0
1,0,0,0
1,0,0,0
0,1,0,0
1,0,0,0
0,0,1,0
0,0,1,0
0,0,0,1
0,1,0,0
1,0,0,0
1,0,0,0
1,0,0,0
0,0,1,0
0,0,1,0
1,0,0,0
0,0,1,0
0,1,0,0
1,0,0,0
0,1,0,0
1,0,0,0
0,1,0,0
0,0,1,0
0,0,0,1
0,0,1,0
0,0,1,0
0,0,1,0
0,0,0,1
0,0,1,0
1,0,0,0
0,0,0,1
0,0,1,0
0,0,0,1
0,0,1,0
0,0,0,1
0,0,1,0
0,1,0,0
0,0,1,0
0,0,1,0
1,0,0,0
0,0,0,1
0,0,1,0
0,1,0,0
1,0,0,0
0,0,0,1
0,0,0,1
0,0,1,0
0,1,0,0
0,0,1,0
1,0,0,0
1,0,0,0
0,0,0,1
0,0,1,0
0,0,1,0
0,0,1,0
0,0,0,1
1,0,0,0
1,0,0,0
1,0,0,0
1,0,0,0
0,1,0,0
1,0,0,0
0,0,1,0
0,0,1,0
0,1,0,0
0,1,0,0
0,0,0,1
0,0,1,0
0,1,0,0
0,1,0,0
0,1,0,0
0,1,0,0
0,0,0,1
0,0,1,0
0,1,0,0
1,0,0,0
1,0,0,0
0,0,0,1
0,1,0,0
0,1,0,0
0,0,1,0
0,1,0,0
0,1,0,0
0,0,1,0
0,1,0,0
0,0,1,0
0,1,0,0
1,0,0,0
1,0,0,0
0,0,0,1
0,0,0,1
0,1,0,0
0,1,0,0
0,1,0,0
1,0,0,0
0,0,1,0
1,0,0,0
0,0,1,0
0,0,1,0
0,1,0,0
1,0,0,0
1,0,0,0
0,1,0,0
0,0,1,0
0,0,0,1
1,0,0,0
1,0,0,0
0,1,0,0
0,1,0,0
0,1,0,0
0,0,1,0
0,1,0,0
0,1,0,0
0,0,1,0
1,0,0,0
0,0,0,1
0,0,1,0
1,0,0,0
0,1,0,0
0,0,1,0
0,1,0,0
0,0,1,0
1,0,0,0
0,0,1,0
1,0,0,0
0,1,0,0
0,1,0,0
0,1,0,0
1,0,0,0
1,0,0,0
0,0,1,0
1,0,0,0
0,0,1,0
0,1,0,0
0,1,0,0
0,1,0,0
0,1,0,0
1,0,0,0
0,1,0,0
0,1,0,0
0,0,1,0
0,1,0,0
0,0,0,1
0,1,0,0
1,0,0,0
0,0,1,0
1,0,0,0
0,1,0,0
0,1,0,0
0,0,0,1
0,0,0,1
0,0,0,1
0,1,0,0
0,1,0,0
0,1,0,0
1,0,0,0
0,1,0,0
1,0,0,0
0,0,0,1
1,0,0,0
0,0,1,0
0,0,1,0
0,1,0,0
0,0,1,0
0,0,1,0
0,1,0,0
0,0,0,1
0,1,0,0
0,1,0,0
0,1,0,0
0,0,0,1
1,0,0,0
1,0,0,0
0,0,1,0
0,1,0,0
0,1,0,0
0,0,0,1
0,0,1,0
0,0,0,1
0,1,0,0
0,1,0,0
1,0,0,0
1,0,0,0
0,0,1,0
0,1,0,0
0,1,0,0
0,1,0,0
0,0,1,0
0,1,0,0
0,1,0,0
0,0,1,0
0,0,1,0
0,1,0,0
0,1,0,0
0,0,1,0
0,1,0,0
0,0,1,0
0,1,0,0
1,0,0,0
0,1,0,0
0,1,0,0
0,0,1,0
0,0,1,0
1,0,0,0
0,0,1,0
0,1,0,0
1,0,0,0
1,0,0,0
1,0,0,0
0,0,1,0
0,1,0,0
0,0,1,0
0,0,0,1
0,0,1,0
0,1,0,0
0,0,1,0
0,1,0,0
0,1,0,0
1,0,0,0
0,1,0,0
1,0,0,0
0,1,0,0
0,1,0,0
0,0,1,0
0,1,0,0
0,0,1,0
1,0,0,0
0,1,0,0
0,1,0,0
0,1,0,0
0,0,1,0
0,0,0,1
0,1,0,0
0,0,0,1
0,0,1,0
0,0,0,1
0,1,0,0
0,0,1,0
0,0,0,1
1,0,0,0
0,1,0,0
1,0,0,0
0,1,0,0
0,0,0,1
0,0,1,0
0,1,0,0
0,0,1,0
0,0,0,1
0,1,0,0
0,1,0,0
0,0,1,0
0,0,1,0
0,0,0,1
0,1,0,0
0,1,0,0
0,1,0,0
1,0,0,0
0,0,1,0
0,1,0,0
0,0,0,1
1,0,0,0
0,0,0,1
0,0,0,1
1,0,0,0
0,0,1,0
1,0,0,0
0,0,1,0
0,1,0,0
0,1,0,0
0,0,1,0
1,0,0,0
0,0,1,0
1,0,0,0
0,1,0,0
1,0,0,0
0,0,1,0
0,0,0,1
0,1,0,0
1,0,0,0
1,0,0,0
0,0,1,0
0,1,0,0
1,0,0,0
0,1,0,0
1,0,0,0
0,0,1,0
0,1,0,0
0,0,0,1
0,0,1,0
0,0,1,0
0,1,0,0
0,1,0,0
0,0,1,0
0,0,0,1
1,0,0,0
0,1,0,0
0,1,0,0
0,0,0,1
0,1,0,0
0,0,1,0
1,0,0,0
0,0,1,0
0,1,0,0
1,0,0,0
0,1,0,0
0,1,0,0
1,0,0,0
0,0,1,0
0,1,0,0
0,0,1,0
0,1,0,0
0,0,1,0
0,1,0,0
0,1,0,0
1,0,0,0
0,0,1,0
0,1,0,0
0,0,1,0
0,0,1,0
0,1,0,0
0,1,0,0
1,0,0,0
1,0,0,0
0,0,1,0
0,0,0,1
0,0,1,0
0,0,1,0
0,1,0,0
0,0,1,0
0,1,0,0
0,1,0,0
0,0,1,0
0,0,1,0
0,1,0,0
0,1,0,0
0,1,0,0
0,1,0,0
0,1,0,0
0,0,1,0
0,0,1,0
0,1,0,0
0,1,0,0
1,0,0,0
0,0,0,1
0,1,0,0
0,0,1,0
0,1,0,0
0,1,0,0
0,1,0,0
0,1,0,0
1,0,0,0
0,1,0,0
0,0,1,0
1,0,0,0
0,0,1,0
0,1,0,0
0,1,0,0
0,0,0,1
0,0,1,0
0,0,1,0
0,1,0,0
1,0,0,0
0,0,1,0
1,0,0,0
0,0,1,0
0,0,1,0
0,1,0,0
0,0,1,0
1,0,0,0
0,1,0,0
0,1,0,0
0,0,0,1
0,1,0,0
1,0,0,0
0,0,1,0
0,0,1,0
0,0,1,0
0,0,1,0
0,0,1,0
0,1,0,0
0,1,0,0
0,1,0,0
0,0,1,0
0,1,0,0
0,1,0,0
0,0,0,1
0,1,0,0
0,0,1,0
0,0,1,0
0,0,1,0
0,1,0,0
1,0,0,0
1,0,0,0
0,0,0,1
0,0,1,0
0,0,1,0
0,1,0,0
0,0,1,0
0,1,0,0
0,0,0,1
0,0,0,1
1,0,0,0
0,0,0,1
1,0,0,0
0,1,0,0
0,1,0,0
0,0,1,0
0,0,1,0
0,0,1,0
0,0,1,0
0,0,0,1
0,1,0,0
1,0,0,0
0,0,0,1
1,0,0,0
0,0,1,0
0,1,0,0
0,1,0,0
0,0,1,0
1,0,0,0
0,1,0,0
0,0,0,1
0,1,0,0
0,0,1,0
0,1,0,0
1,0,0,0
1,0,0,0
0,0,1,0
1,0,0,0
1,0,0,0
0,0,1,0
1,0,0,0
0,0,1,0
0,0,1,0
0,0,0,1
1,0,0,0
0,0,1,0
1,0,0,0
0,1,0,0
0,0,1,0
0,1,0,0
1,0,0,0
0,1,0,0
1,0,0,0
0,0,0,1
0,0,1,0
0,1,0,0
0,1,0,0
0,0,1,0
0,1,0,0
1,0,0,0
0,1,0,0
0,0,1,0
0,1,0,0
0,0,1,0
0,1,0,0
0,0,1,0
1,0,0,0
0,1,0,0
0,0,1,0
0,1,0,0
1,0,0,0
1,0,0,0
0,0,1,0
0,0,0,1
1,0,0,0
0,0,1,0
0,0,1,0
0,1,0,0
1,0,0,0
0,0,0,1
0,0,1,0
0,1,0,0
0,0,1,0
0,0,0,1
0,1,0,0
1,0,0,0
0,0,0,1
1,0,0,0
0,0,1,0
0,1,0,0
0,1,0,0
0,0,1,0
0,0,0,1
0,1,0,0
0,1,0,0
1,0,0,0
0,1,0,0
0,0,1,0
0,0,1,0
0,0,1,0
0,1,0,0
0,0,1,0
0,0,1,0
0,0,0,1
1,0,0,0
0,1,0,0
0,1,0,0
1,0,0,0
0,1,0,0
0,0,0,1
0,1,0,0
0,1,0,0
0,0,1,0
0,0,0,1
0,0,1,0
0,0,1,0
0,1,0,0
0,0,1,0
0,1,0,0
1,0,0,0
0,0,0,1
0,1,0,0
0,0,0,1
0,1,0,0
1,0,0,0
1,0,0,0
0,1,0,0
1,0,0,0
0,0,1,0
1,0,0,0
0,0,0,1
0,1,0,0
0,1,0,0
0,1,0,0
0,1,0,0
0,1,0,0
1,0,0,0
0,0,1,0
0,1,0,0
1,0,0,0
1,0,0,0
0,0,1,0
0,1,0,0
1,0,0,0
1,0,0,0
0,0,0,1
0,1,0,0
0,0,1,0
0,1,0,0
0,0,1,0
0,1,0,0
1,0,0,0
0,1,0,0
0,1,0,0
0,0,1,0
1,0,0,0
1,0,0,0
0,1,0,0
0,1,0,0
0,0,1,0
0,1,0,0
1,0,0,0
1,0,0,0
0,0,1,0
0,1,0,0
0,0,0,1
0,0,1,0
0,1,0,0
0,1,0,0
0,0,1,0
0,0,1,0
0,0,1,0
0,0,0,1
0,0,0,1
0,0,1,0
0,1,0,0
0,0,1,0
0,1,0,0
0,0,1,0
0,0,0,1
1,0,0,0
1,0,0,0
0,1,0,0
0,1,0,0
0,0,0,1
0,1,0,0
1,0,0,0
0,0,0,1
1,0,0,0
0,1,0,0
0,0,1,0
0,0,0,1
0,1,0,0
0,0,1,0
0,0,1,0
0,0,1,0
0,0,0,1
1,0,0,0
0,1,0,0
0,1,0,0
0,1,0,0
0,1,0,0
0,0,0,1
0,1,0,0
1,0,0,0
0,0,1,0
1,0,0,0
0,0,1,0
1,0,0,0
0,1,0,0
1,0,0,0
0,1,0,0
1,0,0,0
0,0,1,0
0,1,0,0
0,1,0,0
1,0,0,0
0,0,1,0
0,0,0,1
0,1,0,0
1,0,0,0
0,0,1,0
0,1,0,0
0,0,0,1
0,1,0,0
1,0,0,0
0,0,1,0
1,0,0,0
0,1,0,0
1,0,0,0
1,0,0,0
0,1,0,0
0,1,0,0
1,0,0,0
1,0,0,0
0,1,0,0
0,1,0,0
0,1,0,0
0,1,0,0
0,1,0,0
1,0,0,0
0,1,0,0
0,0,1,0
1,0,0,0
0,1,0,0
0,0,1,0
1,0,0,0
1,0,0,0
0,1,0,0
0,0,1,0
0,1,0,0
0,1,0,0
0,0,0,1
0,0,0,1
0,0,1,0
0,1,0,0
0,0,1,0
0,0,1,0
0,0,1,0
0,0,1,0
0,0,1,0
1,0,0,0
1,0,0,0
1,0,0,0
0,0,1,0
0,1,0,0
0,1,0,0
0,0,1,0
0,0,0,1
0,0,0,1
0,0,1,0
1,0,0,0
0,0,1,0
0,0,0,1
1,0,0,0
1,0,0,0
0,0,1,0
0,0,0,1
0,1,0,0
1,0,0,0
0,1,0,0
0,1,0,0
1,0,0,0
0,1,0,0
1,0,0,0
0,0,0,1
1,0,0,0
0,1,0,0
0,1,0,0
0,0,1,0
0,0,1,0
0,0,1,0
0,0,0,1
0,1,0,0
1,0,0,0
1,0,0,0
0,0,0,1
0,1,0,0
1,0,0,0
0,0,1,0
0,0,0,1
0,0,0,1
0,1,0,0
0,0,0,1
0,0,1,0
0,0,0,1
0,0,0,1
0,1,0,0
0,0,1,0
0,1,0,0
0,0,0,1
0,1,0,0
0,0,0,1
0,0,1,0
0,0,1,0
0,0,1,0
0,0,0,1
1,0,0,0
0,1,0,0
0,1,0,0
0,1,0,0
0,0,0,1
0,1,0,0
0,0,0,1
0,1,0,0
1,0,0,0
0,0,1,0
0,1,0,0
0,1,0,0
0,1,0,0
0,0,0,1
0,0,1,0
0,0,1,0
0,1,0,0
0,0,0,1
0,1,0,0
0,0,0,1
0,1,0,0
0,0,0,1
0,1,0,0
0,0,0,1
0,1,0,0
1,0,0,0
0,0,1,0
0,0,0,1
0,0,1,0
0,0,0,1
0,0,1,0
0,1,0,0
0,0,0,1
0,1,0,0
0,1,0,0
0,0,1,0
0,0,1,0
0,0,1,0
0,0,0,1
0,1,0,0
0,0,1,0
0,0,1,0
0,1,0,0
1,0,0,0
0,1,0,0
0,0,0,1
0,0,1,0
0,0,1,0
0,0,1,0
0,1,0,0
0,0,0,1
0,0,0,1
0,0,1,0
0,1,0,0
0,1,0,0
0,1,0,0
0,1,0,0
0,0,1,0
0,1,0,0
1,0,0,0
1,0,0,0
1,0,0,0
0,1,0,0
0,1,0,0
0,1,0,0
1,0,0,0
1,0,0,0
0,1,0,0
0,1,0,0
0,0,0,1
1,0,0,0
1,0,0,0
0,1,0,0
0,0,1,0
0,1,0,0
1,0,0,0
0,1,0,0
0,0,0,1
0,0,1,0
0,1,0,0
1,0,0,0
0,1,0,0
0,0,1,0
0,0,0,1
1,0,0,0
0,0,1,0
0,0,1,0
0,1,0,0
1,0,0,0
0,1,0,0
1,0,0,0
0,0,1,0
0,0,1,0
0,0,0,1
0,0,1,0
1,0,0,0
0,1,0,0
1,0,0,0
0,0,1,0
1,0,0,0
0,0,0,1
1,0,0,0
0,1,0,0
0,1,0,0
1,0,0,0
0,0,1,0
1,0,0,0
0,0,1,0
0,1,0,0
0,0,1,0
0,1,0,0
0,0,1,0
0,1,0,0
0,1,0,0
0,1,0,0
0,1,0,0
0,0,1,0
0,1,0,0
0,1,0,0
1,0,0,0
0,1,0,0
0,0,1,0
0,1,0,0
0,0,0,1
0,1,0,0
1,0,0,0
1,0,0,0
0,0,0,1
0,0,1,0
1,0,0,0
0,0,1,0
0,0,1,0
0,0,1,0
0,1,0,0
0,0,0,1
0,0,0,1
0,0,1,0
0,0,1,0
0,0,0,1
0,1,0,0
1,0,0,0
0,1,0,0
0,0,1,0
0,0,1,0
0,1,0,0
0,1,0,0
0,1,0,0
0,1,0,0
0,0,1,0
1,0,0,0
0,0,0,1
0,1,0,0
0,0,0,1
0,0,1,0
0,0,1,0
0,0,0,1
0,0,0,1
0,0,1,0
0,0,1,0
0,1,0,0
0,0,0,1
0,1,0,0
0,0,0,1
0,0,1,0
0,0,0,1
0,0,0,1
0,0,1,0
0,1,0,0
0,0,1,0
1,0,0,0
0,0,0,1
1,0,0,0
0,0,0,1
0,1,0,0
1,0,0,0
0,0,1,0
0,0,0,1
0,1,0,0
1,0,0,0
0,1,0,0
1,0,0,0
1,0,0,0
1,0,0,0
0,1,0,0
0,1,0,0
0,1,0,0
1,0,0,0
0,0,0,1
1,0,0,0
1,0,0,0
0,0,0,1
0,0,1,0
1,0,0,0
0,1,0,0
0,1,0,0
0,0,1,0
0,1,0,0
0,1,0,0
0,1,0,0
1,0,0,0
0,1,0,0
0,1,0,0
0,1,0,0
0,0,0,1
0,0,1,0
0,0,1,0
1,0,0,0
0,0,1,0
1,0,0,0
0,0,0,1
0,0,0,1
0,0,1,0
0,0,1,0
0,0,1,0
1,0,0,0
1,0,0,0
0,0,0,1
0,1,0,0
0,0,0,1
1,0,0,0
0,0,0,1
0,0,1,0
1,0,0,0
0,1,0,0
1,0,0,0
0,1,0,0
0,0,1,0
0,0,1,0
0,0,1,0
1,0,0,0
1,0,0,0
0,0,1,0
0,0,1,0
1,0,0,0
0,1,0,0
0,0,0,1
1,0,0,0
0,0,1,0
1,0,0,0
1,0,0,0
1,0,0,0
1,0,0,0
1,0,0,0
1,0,0,0
1,0,0,0
0,0,1,0
1,0,0,0
1,0,0,0
0,0,1,0
0,0,1,0
0,0,0,1
0,0,0,1
0,0,0,1
0,0,1,0
0,0,0,1
1,0,0,0
0,1,0,0
0,1,0,0
1,0,0,0
0,0,1,0
0,0,1,0
1,0,0,0
0,0,0,1
0,0,1,0
0,1,0,0
0,0,1,0
1,0,0,0
0,1,0,0
0,0,1,0
0,0,0,1
0,1,0,0
1,0,0,0
0,0,0,1
0,1,0,0
0,0,0,1
0,0,1,0
1,0,0,0
0,1,0,0
1,0,0,0
0,1,0,0
0,0,1,0
0,0,0,1
0,1,0,0
0,1,0,0
0,1,0,0
1,0,0,0
1,0,0,0
0,0,0,1
0,1,0,0
0,1,0,0
0,0,1,0
0,0,1,0
0,0,0,1
0,0,1,0
1,0,0,0
1,0,0,0
0,1,0,0
0,0,0,1
0,1,0,0
1,0,0,0
0,1,0,0
0,1,0,0
0,0,1,0
0,1,0,0
1,0,0,0
0,1,0,0
0,1,0,0
0,1,0,0
0,0,0,1
0,0,1,0
1,0,0,0
1,0,0,0
0,1,0,0
1,0,0,0
1,0,0,0
1,0,0,0
0,1,0,0
1,0,0,0
0,0,1,0
1,0,0,0
0,0,1,0
1,0,0,0
1,0,0,0
1,0,0,0
1,0,0,0
1,0,0,0
1,0,0,0
1,0,0,0
0,0,1,0
0,1,0,0
0,1,0,0
0,0,1,0
0,0,1,0
0,0,1,0
0,0,1,0
0,1,0,0
1,0,0,0
0,0,1,0
0,1,0,0
0,0,1,0
0,0,0,1
0,0,0,1
0,1,0,0
0,1,0,0
1,0,0,0
0,0,0,1
1,0,0,0
0,0,0,1
0,1,0,0
1,0,0,0
0,1,0,0
0,1,0,0
0,0,1,0
0,0,1,0
1,0,0,0
0,1,0,0
0,0,1,0
0,1,0,0
0,0,1,0
1,0,0,0
0,1,0,0
1,0,0,0
0,0,0,1
0,1,0,0
0,1,0,0
0,1,0,0
0,1,0,0
0,0,1,0
1,0,0,0
1,0,0,0
0,0,1,0
0,1,0,0
0,0,1,0
0,1,0,0
0,0,1,0
0,1,0,0
0,1,0,0
0,1,0,0
0,0,1,0
0,0,0,1
0,1,0,0
0,1,0,0
1,0,0,0
1,0,0,0
0,1,0,0
0,0,1,0
0,1,0,0
0,1,0,0
0,1,0,0
0,1,0,0
0,0,1,0
0,0,1,0
0,0,0,1
0,0,1,0
0,0,1,0
0,1,0,0
1,0,0,0
0,0,1,0
1,0,0,0
1,0,0,0
0,1,0,0
1,0,0,0
0,0,0,1
0,0,0,1
0,0,1,0
0,1,0,0
1,0,0,0
0,1,0,0
1,0,0,0
0,0,0,1
0,1,0,0
0,0,1,0
1,0,0,0
0,1,0,0
1,0,0,0
1,0,0,0
1,0,0,0
0,0,0,1
0,1,0,0
0,1,0,0
1,0,0,0
1,0,0,0
0,1,0,0
1,0,0,0
0,0,1,0
0,1,0,0
0,1,0,0
1,0,0,0
0,1,0,0
0,1,0,0
0,0,1,0
0,1,0,0
1,0,0,0
0,0,1,0
0,1,0,0
0,1,0,0
1,0,0,0
0,0,1,0
1,0,0,0
0,1,0,0
0,0,1,0
0,1,0,0
0,0,1,0
1,0,0,0
0,0,1,0
1,0,0,0
1,0,0,0
1,0,0,0
0,0,0,1
0,1,0,0
0,1,0,0
0,1,0,0
0,1,0,0
0,1,0,0
0,1,0,0
1,0,0,0
0,1,0,0
0,1,0,0
1,0,0,0
1,0,0,0
1,0,0,0
0,1,0,0
0,1,0,0
0,0,1,0
0,1,0,0
0,0,1,0
1,0,0,0
0,1,0,0
0,1,0,0
0,0,1,0
0,0,1,0
0,1,0,0
0,0,0,1
1,0,0,0
1,0,0,0
0,1,0,0
1,0,0,0
0,0,0,1
0,0,1,0
0,1,0,0
0,1,0,0
0,1,0,0
0,0,1,0
0,1,0,0
0,1,0,0
0,1,0,0
0,0,0,1
0,0,1,0
0,0,1,0
1,0,0,0
0,0,1,0
0,0,1,0
0,1,0,0
0,0,1,0
0,0,0,1
1,0,0,0
1,0,0,0
1,0,0,0
0,0,1,0
0,0,0,1
0,0,1,0
0,1,0,0
0,0,0,1
0,0,0,1
0,1,0,0
0,1,0,0
1,0,0,0
0,0,0,1
0,0,1,0
0,0,0,1
0,0,1,0
0,0,1,0
0,0,1,0
0,0,1,0
0,1,0,0
0,1,0,0
0,0,1,0
0,0,1,0
0,1,0,0
0,0,1,0
0,0,0,1
0,1,0,0
0,0,1,0
0,0,1,0
0,1,0,0
0,1,0,0
0,0,1,0
0,0,0,1
0,1,0,0
1,0,0,0
0,0,0,1
0,1,0,0
1,0,0,0
0,0,0,1
0,1,0,0
0,1,0,0
0,1,0,0
1,0,0,0
0,1,0,0
0,1,0,0
1,0,0,0
0,1,0,0
0,0,1,0
0,0,0,1
0,1,0,0
0,1,0,0
0,0,1,0
0,0,1,0
0,0,0,1
0,1,0,0
0,1,0,0
0,1,0,0
1,0,0,0
0,0,1,0
0,1,0,0
0,0,0,1
1,0,0,0
0,0,0,1
0,0,0,1
1,0,0,0
0,0,1,0
1,0,0,0
0,0,1,0
0,1,0,0
0,1,0,0
0,0,1,0
1,0,0,0
0,0,1,0
1,0,0,0
0,1,0,0
1,0,0,0
0,0,1,0
0,0,0,1
0,1,0,0
1,0,0,0
1,0,0,0
0,0,1,0
0,1,0,0
1,0,0,0
0,1,0,0
1,0,0,0
0,0,1,0
0,1,0,0
0,0,0,1
0,0,1,0
0,0,1,0
0,1,0,0
0,1,0,0
0,0,1,0
0,0,0,1
1,0,0,0
0,1,0,0
0,1,0,0
0,0,0,1
0,1,0,0
0,0,1,0
1,0,0,0
0,0,1,0
0,1,0,0
1,0,0,0
0,1,0,0
0,1,0,0
1,0,0,0
0,0,1,0
0,1,0,0
0,0,1,0
0,1,0,0
0,0,1,0
0,1,0,0
0,1,0,0
1,0,0,0
0,0,1,0
0,1,0,0
0,0,1,0
0,0,1,0
0,1,0,0
0,1,0,0
1,0,0,0
1,0,0,0
0,0,1,0
0,0,0,1
0,0,1,0
0,0,1,0
0,1,0,0
0,0,1,0
0,1,0,0
0,1,0,0
0,0,1,0
0,0,1,0
0,1,0,0
0,1,0,0
0,1,0,0
0,1,0,0
0,1,0,0
0,0,1,0
0,0,1,0
0,1,0,0
0,1,0,0
1,0,0,0
0,0,0,1
0,1,0,0
0,0,1,0
0,1,0,0
0,1,0,0
0,1,0,0
0,1,0,0
1,0,0,0
0,1,0,0
0,0,1,0
1,0,0,0
0,0,1,0
0,1,0,0
0,1,0,0
0,0,0,1
0,0,1,0
0,0,1,0
0,1,0,0
1,0,0,0
0,0,1,0
1,0,0,0
0,0,1,0
0,0,1,0
0,1,0,0
0,0,1,0
1,0,0,0
0,1,0,0
0,1,0,0
0,0,0,1
0,1,0,0
1,0,0,0
0,0,1,0
0,0,1,0
0,0,1,0
0,0,1,0
0,0,1,0
0,1,0,0
0,1,0,0
0,1,0,0
0,0,1,0
0,1,0,0
0,1,0,0
0,0,0,1
0,1,0,0
0,0,1,0
0,0,1,0
0,0,1,0
0,1,0,0
1,0,0,0
1,0,0,0
0,0,0,1
0,0,1,0
0,0,1,0
0,1,0,0
0,0,1,0
0,1,0,0
0,0,0,1
0,0,0,1
1,0,0,0
0,0,0,1
1,0,0,0
0,1,0,0
0,1,0,0
0,0,1,0
0,0,1,0
0,0,1,0
0,0,1,0
0,0,0,1
0,1,0,0
1,0,0,0
0,0,0,1
1,0,0,0
0,0,1,0
0,1,0,0
0,1,0,0
0,0,1,0
1,0,0,0
0,1,0,0
0,0,0,1
0,1,0,0
0,0,1,0
0,1,0,0
1,0,0,0
1,0,0,0
0,0,1,0
1,0,0,0
1,0,0,0
0,0,1,0
1,0,0,0
0,0,1,0
0,0,1,0
0,0,0,1
1,0,0,0
0,0,1,0
1,0,0,0
0,1,0,0
0,0,1,0
0,1,0,0
1,0,0,0
0,1,0,0
1,0,0,0
0,0,0,1
0,0,1,0
0,1,0,0
0,1,0,0
0,0,1,0
0,1,0,0
1,0,0,0
0,1,0,0
0,0,1,0
0,1,0,0
0,0,1,0
0,1,0,0
0,0,1,0
1,0,0,0
0,1,0,0
0,0,1,0
0,1,0,0
1,0,0,0
1,0,0,0
0,0,1,0
0,0,0,1
1,0,0,0
0,0,1,0
0,0,1,0
0,1,0,0
1,0,0,0
0,0,0,1
0,0,1,0
0,1,0,0
0,0,1,0
0,0,0,1
0,1,0,0
1,0,0,0
0,0,0,1
1,0,0,0
0,0,1,0
0,1,0,0
0,1,0,0
0,0,1,0
0,0,0,1
0,1,0,0
0,1,0,0
1,0,0,0
0,1,0,0
0,0,1,0
0,0,1,0
0,0,1,0
0,1,0,0
0,0,1,0
0,0,1,0
0,0,0,1
1,0,0,0
0,1,0,0
0,1,0,0
1,0,0,0
0,1,0,0
0,0,0,1
0,1,0,0
0,1,0,0
0,0,1,0
0,0,0,1
0,0,1,0
0,0,1,0
0,1,0,0
0,0,1,0
0,1,0,0
1,0,0,0
0,0,0,1
0,1,0,0
0,0,0,1
0,1,0,0
1,0,0,0
1,0,0,0
0,1,0,0
1,0,0,0
0,0,1,0
1,0,0,0
0,0,0,1
0,1,0,0
0,1,0,0
0,1,0,0
0,1,0,0
0,1,0,0
1,0,0,0
0,0,1,0
0,1,0,0
1,0,0,0
1,0,0,0
0,0,1,0
0,1,0,0
1,0,0,0
1,0,0,0
0,0,0,1
0,1,0,0
0,0,1,0
0,1,0,0
0,0,1,0
0,1,0,0
1,0,0,0
0,1,0,0
0,1,0,0
0,0,1,0
1,0,0,0
1,0,0,0
0,1,0,0
0,1,0,0
0,0,1,0
0,1,0,0
1,0,0,0
1,0,0,0
0,0,1,0
0,1,0,0
0,0,0,1
0,0,1,0
0,1,0,0
0,1,0,0
0,0,1,0
0,0,1,0
0,0,1,0
0,0,0,1
0,0,0,1
0,0,1,0
0,1,0,0
0,0,1,0
0,1,0,0
0,0,1,0
0,0,0,1
1,0,0,0
1,0,0,0
0,1,0,0
0,1,0,0
0,0,0,1
0,1,0,0
1,0,0,0
0,0,0,1
1,0,0,0
0,1,0,0
0,0,1,0
0,0,0,1
0,1,0,0
0,0,1,0
0,0,1,0
0,0,1,0
0,0,0,1
1,0,0,0
0,1,0,0
0,1,0,0
0,1,0,0
0,1,0,0
0,0,0,1
0,1,0,0
1,0,0,0
0,0,1,0
1,0,0,0
0,0,1,0
1,0,0,0
0,1,0,0
1,0,0,0
0,1,0,0
1,0,0,0
0,0,1,0
0,1,0,0
0,1,0,0
1,0,0,0
0,0,1,0
0,0,0,1
0,1,0,0
1,0,0,0
0,0,1,0
0,1,0,0
0,0,0,1
0,1,0,0
1,0,0,0
0,0,1,0
1,0,0,0
0,1,0,0
1,0,0,0
1,0,0,0
0,1,0,0
0,1,0,0
1,0,0,0
1,0,0,0
0,1,0,0
0,1,0,0
0,1,0,0
0,1,0,0
0,1,0,0
1,0,0,0
0,1,0,0
0,0,1,0
1,0,0,0
0,1,0,0
0,0,0,1
0,0,0,1
0,1,0,0
0,0,0,1
0,0,1,0
0,0,0,1
0,0,0,1
0,1,0,0
0,0,1,0
0,1,0,0
0,0,0,1
0,1,0,0
0,0,0,1
0,0,1,0
0,0,1,0
0,0,1,0
0,0,0,1
1,0,0,0
0,1,0,0
0,1,0,0
0,1,0,0
0,0,0,1
0,1,0,0
0,0,0,1
0,1,0,0
1,0,0,0
0,0,1,0
0,1,0,0
0,1,0,0
0,1,0,0
0,0,0,1
0,0,1,0
0,0,1,0
0,1,0,0
0,0,0,1
0,1,0,0
0,0,0,1
0,1,0,0
0,0,0,1
0,1,0,0
0,0,0,1
0,1,0,0
1,0,0,0
0,0,1,0
0,0,0,1
0,0,1,0
0,0,0,1
0,0,1,0
0,1,0,0
0,0,0,1
0,1,0,0
0,1,0,0
0,0,1,0
0,0,1,0
0,0,1,0
0,0,0,1
0,1,0,0
0,0,1,0
0,0,1,0
0,1,0,0
1,0,0,0
0,1,0,0
0,0,0,1
0,0,1,0
0,0,1,0
0,0,1,0
0,1,0,0
0,0,0,1
0,0,0,1
0,0,1,0
0,1,0,0
0,1,0,0
0,1,0,0
0,1,0,0
0,0,1,0
0,1,0,0
1,0,0,0
1,0,0,0
1,0,0,0
0,1,0,0
0,1,0,0
0,1,0,0
1,0,0,0
1,0,0,0
0,1,0,0
0,1,0,0
0,0,0,1
1,0,0,0
1,0,0,0
0,1,0,0
0,0,1,0
0,1,0,0
1,0,0,0
0,1,0,0
0,0,0,1
0,0,1,0
0,1,0,0
1,0,0,0
0,1,0,0
0,0,1,0
0,0,0,1
1,0,0,0
0,0,1,0
0,0,1,0
0,1,0,0
1,0,0,0
0,1,0,0
1,0,0,0
0,0,1,0
0,0,1,0
0,0,0,1
0,0,1,0
1,0,0,0
0,1,0,0
1,0,0,0
0,0,1,0
1,0,0,0
0,0,0,1
1,0,0,0
0,1,0,0
0,1,0,0
1,0,0,0
0,0,1,0
1,0,0,0
0,0,1,0
0,1,0,0
0,0,1,0
0,1,0,0
0,0,1,0
0,1,0,0
0,1,0,0
0,1,0,0
0,1,0,0
0,0,1,0
0,1,0,0
0,1,0,0
1,0,0,0
0,1,0,0
0,0,1,0
0,1,0,0
0,0,0,1
0,1,0,0
1,0,0,0
1,0,0,0
0,0,0,1
0,0,1,0
1,0,0,0
0,0,1,0
0,0,1,0
0,0,1,0
0,1,0,0
0,0,0,1
0,0,0,1
0,0,1,0
0,0,1,0
0,0,0,1
0,1,0,0
1,0,0,0
0,1,0,0
0,0,1,0
0,0,1,0
0,1,0,0
0,1,0,0
0,1,0,0
0,1,0,0
0,0,1,0
1,0,0,0
0,0,0,1
0,1,0,0
0,0,0,1
0,0,1,0
0,0,1,0
0,0,0,1
0,0,0,1
0,0,1,0
0,0,1,0
0,1,0,0
0,0,0,1
0,1,0,0
0,0,0,1
0,0,1,0
0,0,0,1
0,0,0,1
0,0,1,0
0,1,0,0
0,0,1,0
1,0,0,0
0,0,0,1
1,0,0,0
0,0,0,1
0,1,0,0
1,0,0,0
0,0,1,0
0,0,0,1
0,1,0,0
1,0,0,0
0,1,0,0
1,0,0,0
1,0,0,0
1,0,0,0
0,1,0,0
0,1,0,0
0,1,0,0
1,0,0,0
0,0,0,1
1,0,0,0
1,0,0,0
0,0,0,1
0,0,1,0
1,0,0,0
0,1,0,0
0,1,0,0
0,0,1,0
0,1,0,0
0,1,0,0
0,1,0,0
1,0,0,0
0,1,0,0
0,1,0,0
0,1,0,0
0,0,0,1
0,0,1,0
0,0,1,0
1,0,0,0
0,0,1,0
1,0,0,0
0,0,0,1
0,0,0,1
0,0,1,0
0,0,1,0
0,0,1,0
1,0,0,0
1,0,0,0
0,0,0,1
0,1,0,0
0,0,0,1
1,0,0,0
0,0,0,1
0,0,1,0
1,0,0,0
0,1,0,0
1,0,0,0
0,1,0,0
0,0,1,0
0,0,1,0
0,0,1,0
1,0,0,0
1,0,0,0
0,0,1,0
0,0,1,0
1,0,0,0
0,1,0,0
0,0,0,1
1,0,0,0
0,0,1,0
1,0,0,0
1,0,0,0
1,0,0,0
1,0,0,0
1,0,0,0
1,0,0,0
1,0,0,0
0,0,1,0
1,0,0,0
1,0,0,0
0,0,1,0
0,0,1,0
0,0,0,1
0,0,0,1
0,0,0,1
0,0,1,0
0,0,0,1
1,0,0,0
0,1,0,0
0,1,0,0
1,0,0,0
0,0,1,0
0,0,1,0
1,0,0,0
0,0,0,1
0,0,1,0
0,1,0,0
0,0,1,0
1,0,0,0
0,1,0,0
0,0,1,0
0,0,0,1
0,1,0,0
1,0,0,0
0,0,0,1
0,1,0,0
0,0,0,1
0,0,1,0
1,0,0,0
0,1,0,0
1,0,0,0
0,1,0,0
0,0,1,0
0,0,0,1
0,1,0,0
0,1,0,0
0,1,0,0
1,0,0,0
1,0,0,0
0,0,0,1
0,1,0,0
0,1,0,0
0,0,1,0
0,0,1,0
0,0,0,1
0,0,1,0
1,0,0,0
1,0,0,0
0,1,0,0
0,0,0,1
0,1,0,0
1,0,0,0
0,1,0,0
0,1,0,0
0,0,1,0
0,1,0,0
1,0,0,0
0,1,0,0
0,1,0,0
0,1,0,0
0,0,0,1
0,0,1,0
1,0,0,0
1,0,0,0
0,1,0,0
1,0,0,0
1,0,0,0
1,0,0,0
0,1,0,0
1,0,0,0
0,0,1,0
1,0,0,0
0,0,1,0
1,0,0,0
1,0,0,0
1,0,0,0
1,0,0,0
1,0,0,0
1,0,0,0
1,0,0,0
0,0,1,0
0,1,0,0
0,1,0,0
0,0,1,0
0,0,1,0
0,0,1,0
0,0,1,0
0,1,0,0
1,0,0,0
0,0,1,0
0,1,0,0
0,0,1,0
0,0,0,1
0,0,0,1
0,1,0,0
0,1,0,0
1,0,0,0
0,0,0,1
1,0,0,0
0,0,0,1
0,1,0,0
1,0,0,0
0,1,0,0
0,1,0,0
0,0,1,0
0,0,1,0
1,0,0,0
0,1,0,0
0,0,1,0
0,1,0,0
0,0,1,0
1,0,0,0
0,1,0,0
1,0,0,0
0,0,0,1
0,1,0,0
0,1,0,0
0,1,0,0
0,1,0,0
0,0,1,0
1,0,0,0
1,0,0,0
0,0,1,0
0,1,0,0
0,0,1,0
0,1,0,0
0,0,1,0
0,1,0,0
0,1,0,0
0,1,0,0
0,0,1,0
0,0,0,1
0,1,0,0
0,1,0,0
1,0,0,0
1,0,0,0
0,1,0,0
0,0,1,0
0,1,0,0
0,1,0,0
0,1,0,0
0,1,0,0
0,0,1,0
0,0,1,0
0,0,0,1
0,0,1,0
0,0,1,0
0,1,0,0
1,0,0,0
0,0,1,0
1,0,0,0
1,0,0,0
0,1,0,0
1,0,0,0
0,0,0,1
0,0,0,1
0,0,1,0
0,1,0,0
1,0,0,0
0,1,0,0
1,0,0,0
0,0,0,1
0,1,0,0
0,0,1,0
1,0,0,0
0,1,0,0
1,0,0,0
1,0,0,0
1,0,0,0
0,0,0,1
0,1,0,0
0,1,0,0
1,0,0,0
1,0,0,0
0,1,0,0
1,0,0,0
0,0,1,0
0,1,0,0
0,1,0,0
1,0,0,0
0,1,0,0
0,1,0,0
0,0,1,0
0,1,0,0
1,0,0,0
0,0,1,0
0,1,0,0
0,1,0,0
1,0,0,0
0,0,1,0
1,0,0,0
0,1,0,0
0,0,1,0
0,1,0,0
0,0,1,0
1,0,0,0
0,0,1,0
1,0,0,0
1,0,0,0
1,0,0,0
0,0,0,1
0,1,0,0
0,1,0,0
0,1,0,0
0,1,0,0
0,1,0,0
0,1,0,0
1,0,0,0
0,1,0,0
0,1,0,0
1,0,0,0
1,0,0,0
1,0,0,0
0,1,0,0
0,1,0,0
0,0,1,0
0,1,0,0
0,0,1,0
1,0,0,0
0,1,0,0
0,1,0,0
0,0,1,0
0,0,1,0
0,1,0,0
0,0,0,1
1,0,0,0
1,0,0,0
0,1,0,0
1,0,0,0
0,0,0,1
0,0,1,0
0,1,0,0
0,1,0,0
0,1,0,0
0,0,1,0
0,1,0,0
0,1,0,0
0,1,0,0
0,0,0,1
0,0,1,0
0,0,1,0
1,0,0,0
0,0,1,0
0,0,1,0
0,1,0,0
0,0,1,0
0,0,0,1
1,0,0,0
1,0,0,0
1,0,0,0
0,0,1,0
0,0,0,1
0,0,1,0
0,1,0,0
0,0,0,1
0,0,0,1
0,1,0,0
0,1,0,0
1,0,0,0
0,0,0,1
0,0,1,0
0,0,0,1
0,0,1,0
0,0,1,0
0,0,1,0
0,0,1,0
0,1,0,0
0,1,0,0
0,0,1,0
0,0,1,0
0,1,0,0
0,0,1,0
0,0,0,1
0,1,0,0
0,0,1,0
0,0,1,0
0,1,0,0
0,1,0,0
0,0,1,0
0,0,0,1
0,1,0,0
1,0,0,0
0,0,0,1
0,1,0,0
1,0,0,0
0,0,0,1
0,1,0,0
0,1,0,0
0,1,0,0
1,0,0,0
0,1,0,0
0,1,0,0
1,0,0,0
0,1,0,0
0,1,0,0
0,0,0,1
1,0,0,0
0,1,0,0
0,0,1,0
0,1,0,0
0,1,0,0
1,0,0,0
1,0,0,0
0,1,0,0
0,0,0,1
0,1,0,0
0,1,0,0
0,1,0,0
0,0,1,0
0,1,0,0
0,0,0,1
0,0,0,1
1,0,0,0
1,0,0,0
0,0,0,1
0,1,0,0
0,0,1,0
0,1,0,0
0,0,1,0
0,0,1,0
1,0,0,0
0,0,1,0
0,0,1,0
0,1,0,0
1,0,0,0
0,1,0,0
1,0,0,0
0,0,1,0
0,1,0,0
0,0,1,0
0,0,1,0
1,0,0,0
0,1,0,0
0,0,0,1
0,1,0,0
0,0,0,1
0,0,1,0
0,0,0,1
0,0,1,0
0,1,0,0
0,1,0,0
1,0,0,0
0,1,0,0
0,0,1,0
0,1,0,0
1,0,0,0
0,1,0,0
0,1,0,0
1,0,0,0
0,1,0,0
1,0,0,0
0,0,0,1
0,0,1,0
0,0,1,0
0,0,0,1
0,0,1,0
0,1,0,0
1,0,0,0
0,1,0,0
0,0,1,0
0,0,1,0
0,0,1,0
0,1,0,0
1,0,0,0
0,0,1,0
0,1,0,0
0,0,1,0
0,1,0,0
0,1,0,0
0,0,1,0
0,1,0,0
0,0,1,0
0,0,1,0
1,0,0,0
0,0,0,1
0,1,0,0
0,0,0,1
0,0,0,1
0,0,1,0
0,0,1,0
0,1,0,0
0,1,0,0
0,0,0,1
0,0,1,0
0,1,0,0
0,0,1,0
0,0,0,1
0,0,1,0
0,1,0,0
0,0,0,1
0,0,0,1
1,0,0,0
0,0,1,0
0,0,0,1
0,0,1,0
0,1,0,0
0,0,0,1
0,0,1,0
0,0,1,0
0,0,1,0
0,0,0,1
0,0,0,1
0,0,1,0
0,0,1,0
0,0,0,1
1,0,0,0
0,0,1,0
0,0,1,0
1,0,0,0
0,0,1,0
1,0,0,0
0,1,0,0
0,1,0,0
0,1,0,0
0,0,1,0
0,1,0,0
1,0,0,0
0,0,0,1
0,1,0,0
0,1,0,0
0,1,0,0
1,0,0,0
0,1,0,0
0,0,1,0
0,0,0,1
1,0,0,0
1,0,0,0
0,1,0,0
0,1,0,0
0,1,0,0
0,1,0,0
1,0,0,0
0,0,1,0
0,0,1,0
0,1,0,0
0,1,0,0
0,0,1,0
0,0,0,1
0,0,1,0
0,0,1,0
0,1,0,0
0,0,1,0
0,0,1,0
1,0,0,0
0,1,0,0
0,0,0,1
0,0,0,1
0,1,0,0
0,0,1,0
0,0,0,1
0,1,0,0
0,0,0,1
0,1,0,0
1,0,0,0
0,1,0,0
0,1,0,0
0,0,1,0
0,0,0,1
0,0,1,0
0,0,0,1
0,0,1,0
0,0,1,0
1,0,0,0
0,0,1,0
0,0,0,1
1,0,0,0
1,0,0,0
1,0,0,0
0,1,0,0
0,1,0,0
1,0,0,0
1,0,0,0
0,0,0,1
0,1,0,0
1,0,0,0
0,1,0,0
0,1,0,0
0,0,1,0
0,0,1,0
0,1,0,0
0,1,0,0
0,0,0,1
1,0,0,0
0,1,0,0
1,0,0,0
0,1,0,0
0,1,0,0
0,0,1,0
0,1,0,0
0,0,1,0
0,1,0,0
1,0,0,0
0,0,1,0
0,1,0,0
0,0,1,0
0,1,0,0
1,0,0,0
0,0,1,0
0,0,0,1
0,1,0,0
0,0,1,0
0,0,1,0
1,0,0,0
0,1,0,0
0,1,0,0
0,1,0,0
0,1,0,0
0,1,0,0
0,1,0,0
0,1,0,0
0,1,0,0
0,0,1,0
0,0,0,1
0,1,0,0
0,1,0,0
0,0,1,0
1,0,0,0
0,0,1,0
1,0,0,0
0,1,0,0
0,1,0,0
0,0,0,1
1,0,0,0
0,1,0,0
0,1,0,0
0,1,0,0
0,0,1,0
0,0,0,1
0,1,0,0
0,1,0,0
0,0,1,0
0,1,0,0
1,0,0,0
0,1,0,0
0,1,0,0
0,1,0,0
1,0,0,0
0,1,0,0
0,0,1,0
1,0,0,0
1,0,0,0
0,1,0,0
0,0,1,0
1,0,0,0
0,0,1,0
1,0,0,0
0,0,0,1
0,0,0,1
0,0,1,0
0,0,1,0
0,0,1,0
0,1,0,0
0,0,1,0
0,1,0,0
1,0,0,0
0,0,1,0
0,1,0,0
0,0,1,0
0,0,1,0
0,1,0,0
0,0,1,0
0,0,0,1
1,0,0,0
0,0,0,1
1,0,0,0
0,0,1,0
0,0,0,1
0,0,0,1
0,0,1,0
0,0,1,0
0,1,0,0
1,0,0,0
0,1,0,0
0,0,1,0
0,0,1,0
0,1,0,0
1,0,0,0
1,0,0,0
0,1,0,0
0,0,0,1
0,0,1,0
0,0,1,0
1,0,0,0
0,0,0,1
0,1,0,0
0,0,1,0
0,0,0,1
1,0,0,0
0,0,0,1
0,0,1,0
0,0,1,0
0,0,1,0
1,0,0,0
0,1,0,0
0,0,1,0
0,1,0,0
0,0,0,1
0,1,0,0
0,0,0,1
0,0,0,1
0,0,0,1
0,1,0,0
0,0,1,0
0,0,1,0
0,0,0,1
0,1,0,0
0,1,0,0
0,0,1,0
0,0,1,0
0,1,0,0
1,0,0,0
1,0,0,0
0,0,0,1
0,1,0,0
0,1,0,0
0,1,0,0
0,1,0,0
0,0,1,0
0,1,0,0
0,1,0,0
1,0,0,0
1,0,0,0
0,1,0,0
0,1,0,0
0,0,0,1
0,1,0,0
0,0,1,0
0,0,1,0
0,0,0,1
1,0,0,0
0,0,0,1
0,0,0,1
0,1,0,0
1,0,0,0
0,1,0,0
0,1,0,0
0,1,0,0
0,1,0,0
0,0,1,0
0,0,1,0
0,1,0,0
1,0,0,0
0,0,0,1
0,0,0,1
0,1,0,0
0,0,0,1
0,1,0,0
0,0,1,0
1,0,0,0
0,0,0,1
0,0,1,0
0,0,1,0
0,0,1,0
0,0,0,1
0,0,0,1
0,0,0,1
1,0,0,0
0,0,0,1
1,0,0,0
1,0,0,0
0,0,1,0
0,0,0,1
1,0,0,0
0,0,1,0
0,1,0,0
1,0,0,0
0,1,0,0
0,0,0,1
1,0,0,0
0,0,0,1
1,0,0,0
0,1,0,0
0,1,0,0
1,0,0,0
1,0,0,0
0,1,0,0
1,0,0,0
0,1,0,0
0,1,0,0
0,0,1,0
1,0,0,0
0,0,1,0
0,1,0,0
0,0,1,0
1,0,0,0
0,0,0,1
1,0,0,0
0,0,1,0
0,1,0,0
0,1,0,0
0,1,0,0
0,1,0,0
0,0,1,0
0,0,1,0
1,0,0,0
1,0,0,0
0,0,1,0
0,0,1,0
0,0,1,0
1,0,0,0
0,1,0,0
0,1,0,0
0,0,1,0
0,0,1,0
0,0,0,1
0,0,1,0
0,1,0,0
0,0,1,0
0,1,0,0
0,1,0,0
0,0,0,1
0,0,0,1
0,0,1,0
1,0,0,0
0,0,0,1
0,1,0,0
0,0,0,1
0,0,1,0
0,0,0,1
1,0,0,0
0,1,0,0
1,0,0,0
0,0,1,0
0,0,0,1
0,1,0,0
0,0,0,1
0,0,1,0
0,0,1,0
0,1,0,0
1,0,0,0
0,1,0,0
1,0,0,0
1,0,0,0
0,1,0,0
0,0,0,1
0,0,1,0
0,0,0,1
0,1,0,0
1,0,0,0
0,1,0,0
0,0,0,1
0,1,0,0
0,0,0,1
0,1,0,0
0,0,0,1
0,1,0,0
1,0,0,0
0,0,1,0
0,0,0,1
0,0,1,0
0,0,0,1
0,0,1,0
0,1,0,0
0,0,0,1
0,1,0,0
0,1,0,0
0,0,1,0
0,0,1,0
0,0,1,0
0,0,0,1
0,1,0,0
0,0,1,0
0,0,1,0
0,1,0,0
1,0,0,0
0,1,0,0
0,0,0,1
0,0,1,0
0,0,1,0
0,0,1,0
0,1,0,0
0,0,0,1
0,0,0,1
0,0,1,0
0,1,0,0
0,1,0,0
0,1,0,0
0,1,0,0
0,0,1,0
0,1,0,0
1,0,0,0
1,0,0,0
1,0,0,0
0,1,0,0
0,1,0,0
0,1,0,0
1,0,0,0
1,0,0,0
0,1,0,0
0,1,0,0
0,0,0,1
1,0,0,0
1,0,0,0
0,1,0,0
0,0,1,0
0,1,0,0
1,0,0,0
0,1,0,0
0,0,0,1
0,0,1,0
0,1,0,0
1,0,0,0
0,1,0,0
0,0,1,0
0,0,0,1
1,0,0,0
0,0,1,0
0,0,1,0
0,1,0,0
1,0,0,0
0,1,0,0
1,0,0,0
0,0,1,0
0,0,1,0
0,0,0,1
0,0,1,0
1,0,0,0
0,1,0,0
1,0,0,0
0,0,1,0
1,0,0,0
0,0,0,1
1,0,0,0
0,1,0,0
0,1,0,0
1,0,0,0
0,0,1,0
1,0,0,0
0,0,1,0
0,1,0,0
0,0,1,0
0,1,0,0
0,0,1,0
0,1,0,0
0,1,0,0
0,1,0,0
0,1,0,0
0,0,1,0
0,1,0,0
0,1,0,0
1,0,0,0
0,1,0,0
0,0,1,0
0,1,0,0
0,0,0,1
0,1,0,0
1,0,0,0
1,0,0,0
0,0,0,1
0,0,1,0
1,0,0,0
0,0,1,0
0,0,1,0
0,0,1,0
0,1,0,0
0,0,0,1
0,0,0,1
0,0,1,0
0,0,1,0
0,0,0,1
0,1,0,0
1,0,0,0
0,1,0,0
0,0,1,0
0,0,1,0
0,1,0,0
0,1,0,0
0,1,0,0
0,1,0,0
0,0,1,0
1,0,0,0
0,0,0,1
0,1,0,0
0,0,0,1
0,0,1,0
0,0,1,0
0,0,0,1
0,0,0,1
0,0,1,0
0,0,1,0
0,1,0,0
0,0,0,1
0,1,0,0
0,0,0,1
0,0,1,0
0,0,0,1
0,0,0,1
0,0,1,0
0,1,0,0
0,0,1,0
1,0,0,0
0,0,0,1
1,0,0,0
0,0,0,1
0,1,0,0
1,0,0,0
0,0,1,0
0,0,0,1
0,1,0,0
1,0,0,0
0,1,0,0
1,0,0,0
1,0,0,0
1,0,0,0
0,1,0,0
0,1,0,0
0,1,0,0
1,0,0,0
0,0,0,1
1,0,0,0
1,0,0,0
0,0,0,1
0,0,1,0
1,0,0,0
0,1,0,0
0,1,0,0
0,0,1,0
0,1,0,0
0,1,0,0
0,1,0,0
1,0,0,0
0,1,0,0
0,1,0,0
0,1,0,0
0,0,0,1
0,0,1,0
0,0,1,0
1,0,0,0
0,0,1,0
1,0,0,0
0,0,0,1
0,0,0,1
0,0,1,0
0,0,1,0
0,0,1,0
1,0,0,0
1,0,0,0
0,0,0,1
0,1,0,0
0,0,0,1
1,0,0,0
0,0,0,1
0,0,1,0
1,0,0,0
0,1,0,0
1,0,0,0
0,1,0,0
0,0,1,0
0,0,1,0
0,0,1,0
1,0,0,0
1,0,0,0
0,0,1,0
0,0,1,0
1,0,0,0
0,1,0,0
0,0,0,1
1,0,0,0
0,0,1,0
1,0,0,0
1,0,0,0
1,0,0,0
1,0,0,0
1,0,0,0
1,0,0,0
1,0,0,0
0,0,1,0
1,0,0,0
1,0,0,0
0,0,1,0
0,0,1,0
0,0,0,1
0,0,0,1
0,0,0,1
0,0,1,0
0,0,0,1
1,0,0,0
0,1,0,0
0,1,0,0
1,0,0,0
0,0,1,0
0,0,1,0
1,0,0,0
0,0,0,1
0,0,1,0
0,1,0,0
0,0,1,0
1,0,0,0
0,1,0,0
0,0,1,0
0,0,0,1
0,1,0,0
1,0,0,0
0,0,0,1
0,1,0,0
0,0,0,1
0,0,1,0
1,0,0,0
0,1,0,0
1,0,0,0
0,1,0,0
0,0,1,0
0,0,0,1
0,1,0,0
0,1,0,0
0,1,0,0
1,0,0,0
1,0,0,0
0,0,0,1
0,1,0,0
0,1,0,0
0,0,1,0
0,0,1,0
0,0,0,1
0,0,1,0
1,0,0,0
1,0,0,0
0,1,0,0
0,0,0,1
0,1,0,0
1,0,0,0
0,1,0,0
0,1,0,0
0,0,1,0
0,1,0,0
1,0,0,0
0,1,0,0
0,1,0,0
0,1,0,0
0,0,0,1
0,0,1,0
1,0,0,0
1,0,0,0
0,1,0,0
1,0,0,0
1,0,0,0
1,0,0,0
0,1,0,0
1,0,0,0
0,0,1,0
1,0,0,0
0,0,1,0
1,0,0,0
1,0,0,0
1,0,0,0
1,0,0,0
1,0,0,0
1,0,0,0
1,0,0,0
0,0,1,0
0,1,0,0
0,1,0,0
0,0,1,0
0,0,1,0
0,0,1,0
0,0,1,0
0,1,0,0
1,0,0,0
0,0,1,0
0,1,0,0
0,0,1,0
0,0,0,1
0,0,0,1
0,1,0,0
0,1,0,0
1,0,0,0
0,0,0,1
1,0,0,0
0,0,0,1
0,1,0,0
1,0,0,0
0,1,0,0
0,1,0,0
0,0,1,0
0,0,1,0
1,0,0,0
0,1,0,0
0,0,1,0
0,1,0,0
0,0,1,0
1,0,0,0
0,1,0,0
1,0,0,0
0,0,0,1
0,1,0,0
0,1,0,0
0,1,0,0
0,1,0,0
0,0,1,0
1,0,0,0
1,0,0,0
0,0,1,0
0,1,0,0
0,0,1,0
0,1,0,0
0,0,1,0
0,1,0,0
0,1,0,0
0,1,0,0
0,0,1,0
0,0,0,1
0,1,0,0
0,1,0,0
1,0,0,0
1,0,0,0
0,1,0,0
0,0,1,0
0,1,0,0
0,1,0,0
0,1,0,0
0,1,0,0
0,0,1,0
0,0,1,0
0,0,0,1
0,0,1,0
0,0,1,0
0,1,0,0
1,0,0,0
0,0,1,0
1,0,0,0
1,0,0,0
0,1,0,0
1,0,0,0
0,0,0,1
0,0,0,1
0,0,1,0
0,1,0,0
1,0,0,0
0,1,0,0
1,0,0,0
0,0,0,1
0,1,0,0
0,0,1,0
1,0,0,0
0,1,0,0
1,0,0,0
1,0,0,0
1,0,0,0
0,0,0,1
0,1,0,0
0,1,0,0
1,0,0,0
1,0,0,0
0,1,0,0
1,0,0,0
0,0,1,0
0,1,0,0
0,1,0,0
1,0,0,0
0,1,0,0
0,1,0,0
0,0,1,0
0,1,0,0
1,0,0,0
0,0,1,0
0,1,0,0
0,1,0,0
1,0,0,0
0,0,1,0
1,0,0,0
0,1,0,0
0,0,1,0
0,1,0,0
0,0,1,0
1,0,0,0
0,0,1,0
1,0,0,0
1,0,0,0
1,0,0,0
0,0,0,1
0,1,0,0
0,1,0,0
0,1,0,0
0,1,0,0
0,1,0,0
0,1,0,0
1,0,0,0
0,1,0,0
0,1,0,0
1,0,0,0
1,0,0,0
1,0,0,0
0,1,0,0
0,1,0,0
0,0,1,0
0,1,0,0
0,0,1,0
1,0,0,0
0,1,0,0
0,1,0,0
0,0,1,0
0,0,1,0
0,1,0,0
0,0,0,1
1,0,0,0
1,0,0,0
0,1,0,0
1,0,0,0
0,0,0,1
0,0,1,0
0,1,0,0
0,1,0,0
0,1,0,0
0,0,1,0
0,1,0,0
0,1,0,0
0,1,0,0
0,0,0,1
0,0,1,0
0,0,1,0
1,0,0,0
0,0,1,0
0,0,1,0
0,1,0,0
0,0,1,0
0,0,0,1
1,0,0,0
1,0,0,0
1,0,0,0
0,0,1,0
0,0,0,1
0,0,1,0
0,1,0,0
0,0,0,1
0,0,0,1
0,1,0,0
0,1,0,0
1,0,0,0
0,0,0,1
0,0,1,0
0,0,0,1
0,0,1,0
0,0,1,0
0,0,1,0
0,0,1,0
0,1,0,0
0,1,0,0
0,0,1,0
0,0,1,0
0,1,0,0
0,0,1,0
0,0,0,1
0,1,0,0
0,0,1,0
0,0,1,0
0,1,0,0
0,1,0,0
0,0,1,0
0,0,0,1
0,1,0,0
1,0,0,0
0,0,0,1
0,1,0,0
1,0,0,0
0,0,0,1
0,1,0,0
0,1,0,0
0,1,0,0
1,0,0,0
0,1,0,0
0,1,0,0
1,0,0,0
0,1,0,0
0,1,0,0
0,0,0,1
1,0,0,0
0,1,0,0
0,0,1,0
0,1,0,0
0,1,0,0
1,0,0,0
1,0,0,0
0,1,0,0
0,0,0,1
0,1,0,0
0,1,0,0
0,1,0,0
0,0,1,0
0,1,0,0
0,0,0,1
0,0,0,1
1,0,0,0
1,0,0,0
0,0,0,1
0,1,0,0
0,0,1,0
0,1,0,0
0,0,1,0
0,0,1,0
1,0,0,0
0,0,1,0
0,0,1,0
0,1,0,0
1,0,0,0
0,1,0,0
1,0,0,0
0,0,1,0
0,1,0,0
0,0,1,0
0,0,1,0
1,0,0,0
0,1,0,0
0,0,0,1
0,1,0,0
0,0,0,1
0,0,1,0
0,0,0,1
0,0,1,0
0,1,0,0
0,1,0,0
1,0,0,0
0,1,0,0
0,0,1,0
0,1,0,0
1,0,0,0
0,1,0,0
0,1,0,0
1,0,0,0
0,1,0,0
1,0,0,0
0,0,0,1
0,0,1,0
0,0,1,0
0,0,0,1
0,0,1,0
0,1,0,0
1,0,0,0
0,1,0,0
0,0,1,0
0,0,1,0
0,0,1,0
0,1,0,0
1,0,0,0
0,0,1,0
0,1,0,0
0,0,1,0
0,1,0,0
0,1,0,0
0,0,1,0
0,1,0,0
0,0,1,0
0,0,1,0
1,0,0,0
0,0,0,1
0,1,0,0
0,0,0,1
0,0,0,1
0,0,1,0
0,0,1,0
0,1,0,0
0,1,0,0
0,0,0,1
0,0,1,0
0,1,0,0
0,0,1,0
0,0,0,1
0,0,1,0
0,1,0,0
0,0,0,1
0,0,0,1
1,0,0,0
0,0,1,0
0,0,0,1
0,0,1,0
0,1,0,0
0,0,0,1
0,0,1,0
0,0,1,0
0,0,1,0
0,0,0,1
0,0,0,1
0,0,1,0
0,0,1,0
0,0,0,1
1,0,0,0
0,0,1,0
0,0,1,0
1,0,0,0
0,0,1,0
1,0,0,0
0,1,0,0
0,1,0,0
0,1,0,0
0,0,1,0
0,1,0,0
1,0,0,0
0,0,0,1
0,1,0,0
0,1,0,0
0,1,0,0
1,0,0,0
0,1,0,0
0,0,1,0
0,0,0,1
1,0,0,0
1,0,0,0
0,1,0,0
0,1,0,0
0,1,0,0
0,1,0,0
1,0,0,0
0,0,1,0
0,0,1,0
0,1,0,0
0,1,0,0
0,0,1,0
0,0,0,1
0,0,1,0
0,0,1,0
0,1,0,0
0,0,1,0
0,0,1,0
1,0,0,0
0,1,0,0
0,0,0,1
0,0,0,1
0,1,0,0
0,0,1,0
0,0,0,1
0,1,0,0
0,0,0,1
0,1,0,0
1,0,0,0
0,1,0,0
0,1,0,0
0,0,1,0
0,0,0,1
0,0,1,0
0,0,0,1
0,0,1,0
0,0,1,0
1,0,0,0
0,0,1,0
0,0,0,1
1,0,0,0
1,0,0,0
1,0,0,0
0,1,0,0
0,1,0,0
1,0,0,0
1,0,0,0
0,0,0,1
0,1,0,0
1,0,0,0
0,1,0,0
0,1,0,0
0,0,1,0
0,0,1,0
0,1,0,0
0,1,0,0
0,0,0,1
1,0,0,0
0,1,0,0
1,0,0,0
0,1,0,0
0,1,0,0
0,0,1,0
0,1,0,0
0,0,1,0
0,1,0,0
1,0,0,0
0,0,1,0
0,1,0,0
0,0,1,0
0,1,0,0
1,0,0,0
0,0,1,0
0,0,0,1
0,1,0,0
0,0,1,0
0,0,1,0
1,0,0,0
0,1,0,0
0,1,0,0
0,1,0,0
0,1,0,0
0,1,0,0
0,1,0,0
0,1,0,0
0,1,0,0
0,0,1,0
0,0,0,1
0,1,0,0
0,1,0,0
0,0,1,0
1,0,0,0
0,0,1,0
1,0,0,0
0,1,0,0
0,1,0,0
0,0,0,1
1,0,0,0
0,1,0,0
0,1,0,0
0,1,0,0
0,0,1,0
0,0,0,1
0,1,0,0
0,1,0,0
0,0,1,0
0,1,0,0
1,0,0,0
0,1,0,0
0,1,0,0
0,1,0,0
1,0,0,0
0,1,0,0
0,0,1,0
1,0,0,0
1,0,0,0
0,1,0,0
0,0,1,0
1,0,0,0
0,0,1,0
1,0,0,0
0,0,0,1
0,0,0,1
0,0,1,0
0,0,1,0
0,0,1,0
0,1,0,0
0,0,1,0
0,1,0,0
1,0,0,0
0,0,1,0
0,1,0,0
0,0,1,0
0,0,1,0
0,1,0,0
0,0,1,0
0,0,0,1
1,0,0,0
0,0,0,1
1,0,0,0
0,0,1,0
0,0,0,1
0,0,0,1
0,0,1,0
0,0,1,0
0,1,0,0
1,0,0,0
0,1,0,0
0,0,1,0
0,0,1,0
0,1,0,0
1,0,0,0
1,0,0,0
0,1,0,0
0,0,0,1
0,0,1,0
0,0,1,0
1,0,0,0
0,0,0,1
0,1,0,0
0,0,1,0
0,0,0,1
1,0,0,0
0,0,0,1
0,0,1,0
0,0,1,0
0,0,1,0
1,0,0,0
0,1,0,0
0,0,1,0
0,1,0,0
0,0,0,1
0,1,0,0
0,0,0,1
0,0,0,1
0,0,0,1
0,1,0,0
0,0,1,0
0,0,1,0
0,0,0,1
0,1,0,0
0,1,0,0
0,0,1,0
0,0,1,0
0,1,0,0
1,0,0,0
1,0,0,0
0,0,0,1
0,1,0,0
0,1,0,0
0,1,0,0
0,1,0,0
0,0,1,0
0,1,0,0
0,1,0,0
1,0,0,0
1,0,0,0
0,1,0,0
0,1,0,0
0,0,0,1
0,1,0,0
0,0,1,0
0,0,1,0
0,0,0,1
1,0,0,0
0,0,0,1
0,0,0,1
0,1,0,0
1,0,0,0
0,1,0,0
0,1,0,0
0,1,0,0
0,1,0,0
0,0,1,0
0,0,1,0
0,1,0,0
1,0,0,0
0,0,0,1
0,0,0,1
0,1,0,0
0,0,0,1
0,1,0,0
0,0,1,0
1,0,0,0
0,0,0,1
0,0,1,0
0,0,1,0
0,0,1,0
0,0,0,1
0,0,0,1
0,0,0,1
1,0,0,0
0,0,0,1
1,0,0,0
1,0,0,0
0,0,1,0
0,0,0,1
1,0,0,0
0,0,1,0
0,1,0,0
1,0,0,0
0,1,0,0
0,0,0,1
1,0,0,0
0,0,0,1
1,0,0,0
0,1,0,0
0,1,0,0
1,0,0,0
1,0,0,0
0,1,0,0
1,0,0,0
0,1,0,0
0,1,0,0
0,0,1,0
1,0,0,0
0,0,1,0
0,1,0,0
0,0,1,0
1,0,0,0
0,0,0,1
1,0,0,0
0,0,1,0
0,1,0,0
0,1,0,0
0,1,0,0
0,1,0,0
0,0,1,0
0,0,1,0
1,0,0,0
1,0,0,0
0,0,1,0
0,0,1,0
0,0,1,0
1,0,0,0
0,1,0,0
0,1,0,0
0,0,1,0
0,0,1,0
0,0,0,1
0,0,1,0
0,1,0,0
0,0,1,0
0,1,0,0
0,1,0,0
0,0,0,1
0,0,0,1
0,0,1,0
1,0,0,0
0,0,0,1
0,1,0,0
0,0,0,1
0,0,1,0
0,0,0,1
1,0,0,0
0,1,0,0
1,0,0,0
0,0,1,0
0,0,0,1
0,1,0,0
0,0,0,1
0,0,1,0
0,0,1,0
0,1,0,0
1,0,0,0
0,1,0,0
1,0,0,0
1,0,0,0
0,1,0,0
0,0,0,1
0,0,1,0
0,0,0,1
0,1,0,0
1,0,0,0
0,1,0,0
1,0,0,0
0,0,1,0
0,1,0,0
1,0,0,0
1,0,0,0
0,1,0,0
1,0,0,0
0,0,0,1
0,1,0,0
0,0,1,0
0,1,0,0
0,1,0,0
0,1,0,0
0,0,0,1
1,0,0,0
0,1,0,0
0,1,0,0
0,0,0,1
0,0,0,1
0,1,0,0
0,0,1,0
1,0,0,0
0,0,1,0
0,1,0,0
0,1,0,0
0,1,0,0
0,1,0,0
0,0,0,1
0,1,0,0
0,0,1,0
0,0,0,1
0,1,0,0
0,0,1,0
0,0,0,1
0,0,1,0
0,0,1,0
0,0,1,0
0,1,0,0
0,1,0,0
0,1,0,0
1,0,0,0
1,0,0,0
1,0,0,0
0,1,0,0
0,1,0,0
0,1,0,0
0,0,1,0
0,1,0,0
0,1,0,0
0,0,0,1
1,0,0,0
1,0,0,0
0,0,1,0
0,0,0,1
0,1,0,0
0,0,1,0
1,0,0,0
0,1,0,0
0,1,0,0
0,0,1,0
1,0,0,0
0,0,0,1
0,1,0,0
0,1,0,0
0,0,0,1
0,1,0,0
1,0,0,0
1,0,0,0
0,1,0,0
1,0,0,0
0,0,1,0
0,0,1,0
0,0,1,0
0,1,0,0
0,1,0,0
0,0,1,0
0,0,0,1
0,1,0,0
0,0,0,1
0,1,0,0
0,0,1,0
0,0,0,1
0,1,0,0
0,1,0,0
0,0,1,0
0,1,0,0
0,1,0,0
0,0,1,0
0,0,0,1
1,0,0,0
0,0,1,0
0,1,0,0
1,0,0,0
0,1,0,0
0,1,0,0
0,1,0,0
0,1,0,0
0,1,0,0
0,1,0,0
0,1,0,0
0,0,0,1
0,0,0,1
0,0,1,0
0,0,1,0
0,0,1,0
0,0,1,0
0,1,0,0
0,0,0,1
1,0,0,0
0,0,1,0
0,0,0,1
0,0,1,0
1,0,0,0
0,0,0,1
0,0,1,0
0,1,0,0
1,0,0,0
0,1,0,0
0,1,0,0
0,1,0,0
0,1,0,0
0,1,0,0
0,0,0,1
1,0,0,0
0,1,0,0
1,0,0,0
0,0,1,0
0,0,1,0
0,0,0,1
1,0,0,0
0,0,1,0
1,0,0,0
0,0,1,0
0,0,1,0
0,0,1,0
0,1,0,0
0,1,0,0
0,0,0,1
0,1,0,0
0,0,1,0
0,1,0,0
0,1,0,0
0,1,0,0
0,0,1,0
1,0,0,0
0,0,1,0
0,0,1,0
0,1,0,0
1,0,0,0
0,0,0,1
0,1,0,0
0,0,0,1
0,1,0,0
0,0,1,0
0,1,0,0
0,0,1,0
0,0,1,0
0,0,1,0
0,0,1,0
1,0,0,0
0,0,1,0
0,0,1,0
0,0,0,1
0,0,1,0
0,0,0,1
0,0,1,0
0,0,0,1
0,0,0,1
0,0,1,0
1,0,0,0
0,0,0,1
0,1,0,0
0,0,1,0
1,0,0,0
1,0,0,0
0,0,1,0
1,0,0,0
1,0,0,0
0,1,0,0
1,0,0,0
0,1,0,0
0,1,0,0
0,1,0,0
1,0,0,0
0,0,0,1
0,0,1,0
0,1,0,0
0,1,0,0
0,0,1,0
0,0,0,1
0,0,1,0
0,0,0,1
1,0,0,0
0,1,0,0
0,0,1,0
0,0,1,0
0,1,0,0
0,0,1,0
0,0,0,1
1,0,0,0
0,1,0,0
1,0,0,0
0,1,0,0
0,0,1,0
1,0,0,0
1,0,0,0
0,0,0,1
0,1,0,0
0,0,0,1
1,0,0,0
0,0,1,0
1,0,0,0
0,0,1,0
0,0,1,0
1,0,0,0
0,0,1,0
0,0,0,1
1,0,0,0
0,0,1,0
1,0,0,0
1,0,0,0
1,0,0,0
1,0,0,0
0,0,0,1
1,0,0,0
0,0,1,0
0,0,1,0
1,0,0,0
0,1,0,0
1,0,0,0
0,1,0,0
0,1,0,0
0,0,1,0
0,1,0,0
0,0,0,1
0,1,0,0
1,0,0,0
0,1,0,0
0,1,0,0
1,0,0,0
0,0,1,0
0,0,1,0
0,0,1,0
0,0,0,1
0,0,0,1
0,1,0,0
1,0,0,0
0,1,0,0
0,1,0,0
0,0,1,0
0,1,0,0
0,0,1,0
0,0,1,0
0,1,0,0
0,0,0,1
0,0,0,1
0,0,1,0
0,0,1,0
0,0,1,0
0,1,0,0
0,1,0,0
0,1,0,0
1,0,0,0
0,0,1,0
0,1,0,0
0,1,0,0
0,0,1,0
0,0,1,0
0,0,0,1
0,1,0,0
0,1,0,0
0,0,1,0
0,1,0,0
0,1,0,0
0,0,0,1
0,1,0,0
0,0,1,0
0,0,1,0
0,0,0,1
0,1,0,0
0,0,0,1
1,0,0,0
0,0,1,0
1,0,0,0
0,1,0,0
0,0,0,1
0,0,0,1
0,0,1,0
0,0,1,0
0,0,0,1
0,1,0,0
0,1,0,0
0,1,0,0
1,0,0,0
1,0,0,0
0,1,0,0
1,0,0,0
1,0,0,0
0,0,0,1
0,0,1,0
0,1,0,0
0,0,1,0
0,1,0,0
0,0,1,0
0,0,1,0
0,0,1,0
0,1,0,0
0,1,0,0
0,1,0,0
0,0,1,0
0,0,1,0
0,0,0,1
0,0,0,1
0,0,1,0
0,0,1,0
0,0,1,0
1,0,0,0
0,0,0,1
0,0,0,1
0,1,0,0
1,0,0,0
0,1,0,0
0,1,0,0
1,0,0,0
0,0,1,0
0,0,1,0
0,0,0,1
0,1,0,0
0,0,0,1
0,0,1,0
0,0,1,0
1,0,0,0
0,1,0,0
0,1,0,0
0,1,0,0
0,1,0,0
0,0,1,0
0,0,0,1
0,1,0,0
1,0,0,0
0,1,0,0
0,1,0,0
0,0,0,1
1,0,0,0
0,0,1,0
0,0,0,1
0,1,0,0
0,0,1,0
0,1,0,0
0,0,1,0
0,0,1,0
0,0,1,0
0,1,0,0
0,1,0,0
0,1,0,0
0,1,0,0
0,1,0,0
0,1,0,0
0,1,0,0
0,0,1,0
0,0,1,0
1,0,0,0
0,1,0,0
0,1,0,0
1,0,0,0
0,0,0,1
0,0,1,0
0,1,0,0
0,0,1,0
0,0,0,1
0,0,0,1
1,0,0,0
1,0,0,0
0,1,0,0
0,1,0,0
1,0,0,0
0,0,0,1
0,1,0,0
0,0,1,0
0,1,0,0
0,1,0,0
0,0,0,1
0,0,1,0
0,1,0,0
0,1,0,0
0,1,0,0
1,0,0,0
0,0,1,0
0,0,0,1
0,0,1,0
0,1,0,0
1,0,0,0
0,1,0,0
0,0,0,1
1,0,0,0
0,1,0,0
0,0,1,0
1,0,0,0
1,0,0,0
1,0,0,0
0,1,0,0
0,1,0,0
0,0,0,1
0,1,0,0
0,1,0,0
0,0,1,0
0,1,0,0
0,0,1,0
1,0,0,0
0,0,1,0
0,1,0,0
0,1,0,0
0,1,0,0
0,1,0,0
0,1,0,0
0,1,0,0
0,1,0,0
1,0,0,0
0,0,1,0
0,0,1,0
0,0,1,0
0,0,0,1
1,0,0,0
0,1,0,0
0,0,0,1
1,0,0,0
0,1,0,0
0,1,0,0
1,0,0,0
0,0,1,0
0,1,0,0
0,0,1,0
1,0,0,0
1,0,0,0
0,1,0,0
1,0,0,0
0,1,0,0
0,1,0,0
0,0,0,1
0,0,1,0
0,0,0,1
0,0,1,0
0,1,0,0
0,1,0,0
0,0,0,1
0,0,0,1
0,0,1,0
1,0,0,0
0,0,1,0
0,0,1,0
0,0,1,0
0,1,0,0
0,1,0,0
0,1,0,0
0,0,0,1
0,0,1,0
0,0,0,1
0,1,0,0
0,1,0,0
1,0,0,0
0,1,0,0
0,0,1,0
1,0,0,0
0,0,0,1
0,0,1,0
0,1,0,0
0,1,0,0
1,0,0,0
0,0,0,1
0,0,0,1
0,1,0,0
0,0,0,1
0,1,0,0
0,0,0,1
1,0,0,0
0,1,0,0
0,0,1,0
0,1,0,0
0,1,0,0
1,0,0,0
1,0,0,0
0,1,0,0
0,0,0,1
0,1,0,0
0,1,0,0
0,1,0,0
0,0,1,0
0,1,0,0
0,0,0,1
0,0,0,1
1,0,0,0
1,0,0,0
0,0,0,1
0,1,0,0
0,0,1,0
0,1,0,0
0,0,1,0
0,0,1,0
1,0,0,0
0,0,1,0
0,0,1,0
0,1,0,0
1,0,0,0
0,1,0,0
1,0,0,0
0,0,1,0
0,1,0,0
0,0,1,0
0,0,1,0
1,0,0,0
0,1,0,0
0,0,0,1
0,1,0,0
0,0,0,1
0,0,1,0
0,0,0,1
0,0,1,0
0,1,0,0
0,1,0,0
1,0,0,0
0,1,0,0
0,0,1,0
0,1,0,0
1,0,0,0
0,1,0,0
0,1,0,0
1,0,0,0
0,1,0,0
1,0,0,0
0,0,0,1
0,0,1,0
0,0,1,0
0,0,0,1
0,0,1,0
0,1,0,0
1,0,0,0
0,1,0,0
0,0,1,0
0,0,1,0
0,0,1,0
0,1,0,0
1,0,0,0
0,0,1,0
0,1,0,0
0,0,1,0
0,1,0,0
0,1,0,0
0,0,1,0
0,1,0,0
0,0,1,0
0,0,1,0
1,0,0,0
0,0,0,1
0,1,0,0
0,0,0,1
0,0,0,1
0,0,1,0
0,0,1,0
0,1,0,0
0,1,0,0
0,0,0,1
0,0,1,0
0,1,0,0
0,0,1,0
0,0,0,1
0,0,1,0
0,1,0,0
0,0,0,1
0,0,0,1
1,0,0,0
0,0,1,0
0,0,0,1
0,0,1,0
0,1,0,0
0,0,0,1
0,0,1,0
0,0,1,0
0,0,1,0
0,0,0,1
0,0,0,1
0,0,1,0
0,0,1,0
0,0,0,1
1,0,0,0
0,0,1,0
0,0,1,0
1,0,0,0
0,0,1,0
1,0,0,0
0,1,0,0
0,1,0,0
0,1,0,0
0,0,1,0
0,1,0,0
1,0,0,0
0,0,0,1
0,1,0,0
0,1,0,0
0,1,0,0
1,0,0,0
0,1,0,0
0,0,1,0
0,0,0,1
1,0,0,0
1,0,0,0
0,1,0,0
0,1,0,0
0,1,0,0
0,1,0,0
1,0,0,0
0,0,1,0
0,0,1,0
0,1,0,0
0,1,0,0
0,0,1,0
0,0,0,1
0,0,1,0
0,0,1,0
0,1,0,0
0,0,1,0
0,0,1,0
1,0,0,0
0,1,0,0
0,0,0,1
0,0,0,1
0,1,0,0
0,0,1,0
0,0,0,1
0,1,0,0
0,0,0,1
0,1,0,0
1,0,0,0
0,1,0,0
0,1,0,0
0,0,1,0
0,0,0,1
0,0,1,0
0,0,0,1
0,0,1,0
0,0,1,0
1,0,0,0
0,0,1,0
0,0,0,1
1,0,0,0
1,0,0,0
1,0,0,0
0,1,0,0
0,1,0,0
1,0,0,0
1,0,0,0
0,0,0,1
0,1,0,0
1,0,0,0
0,1,0,0
0,1,0,0
0,0,1,0
0,0,1,0
0,1,0,0
0,1,0,0
0,0,0,1
1,0,0,0
0,1,0,0
1,0,0,0
0,1,0,0
0,1,0,0
0,0,1,0
0,1,0,0
0,0,1,0
0,1,0,0
1,0,0,0
0,0,1,0
0,1,0,0
0,0,1,0
0,1,0,0
1,0,0,0
0,0,1,0
0,0,0,1
0,1,0,0
0,0,1,0
0,0,1,0
1,0,0,0
0,1,0,0
0,1,0,0
0,1,0,0
0,1,0,0
0,1,0,0
0,1,0,0
0,1,0,0
0,1,0,0
0,0,1,0
0,0,0,1
0,1,0,0
0,1,0,0
0,0,1,0
1,0,0,0
0,0,1,0
1,0,0,0
0,1,0,0
0,1,0,0
0,0,0,1
1,0,0,0
0,1,0,0
0,1,0,0
0,1,0,0
0,0,1,0
0,0,0,1
0,1,0,0
0,1,0,0
0,0,1,0
0,1,0,0
1,0,0,0
0,1,0,0
0,1,0,0
0,1,0,0
1,0,0,0
0,1,0,0
0,0,1,0
1,0,0,0
1,0,0,0
0,1,0,0
0,0,1,0
1,0,0,0
0,0,1,0
1,0,0,0
0,0,0,1
0,0,0,1
0,0,1,0
0,0,1,0
0,0,1,0
0,1,0,0
0,0,1,0
0,1,0,0
1,0,0,0
0,0,1,0
0,1,0,0
0,0,1,0
0,0,1,0
0,1,0,0
0,0,1,0
0,0,0,1
1,0,0,0
0,0,0,1
1,0,0,0
0,0,1,0
0,0,0,1
0,0,0,1
0,0,1,0
0,0,1,0
0,1,0,0
1,0,0,0
0,1,0,0
0,0,1,0
0,0,1,0
0,1,0,0
1,0,0,0
1,0,0,0
0,1,0,0
0,0,0,1
0,0,1,0
0,0,1,0
1,0,0,0
0,0,0,1
0,1,0,0
0,0,1,0
0,0,0,1
1,0,0,0
0,0,0,1
0,0,1,0
0,0,1,0
0,0,1,0
1,0,0,0
0,1,0,0
0,0,1,0
0,1,0,0
0,0,0,1
0,1,0,0
0,0,0,1
0,0,0,1
0,0,0,1
0,1,0,0
0,0,1,0
0,0,1,0
0,0,0,1
0,1,0,0
0,1,0,0
0,0,1,0
0,0,1,0
0,1,0,0
1,0,0,0
1,0,0,0
0,0,0,1
0,1,0,0
0,1,0,0
0,1,0,0
0,1,0,0
0,0,1,0
0,1,0,0
0,1,0,0
1,0,0,0
1,0,0,0
0,1,0,0
0,1,0,0
0,0,0,1
0,1,0,0
0,0,1,0
0,0,1,0
0,0,0,1
1,0,0,0
0,0,0,1
0,0,0,1
0,1,0,0
1,0,0,0
0,1,0,0
0,1,0,0
0,1,0,0
0,1,0,0
0,0,1,0
0,0,1,0
0,1,0,0
1,0,0,0
0,0,0,1
0,0,0,1
0,1,0,0
0,0,0,1
0,1,0,0
0,0,1,0
1,0,0,0
0,0,0,1
0,0,1,0
0,0,1,0
0,0,1,0
0,0,0,1
0,0,0,1
0,0,0,1
1,0,0,0
0,0,0,1
1,0,0,0
1,0,0,0
0,0,1,0
0,0,0,1
1,0,0,0
0,0,1,0
0,1,0,0
1,0,0,0
0,1,0,0
0,0,0,1
1,0,0,0
0,0,0,1
1,0,0,0
0,1,0,0
0,1,0,0
1,0,0,0
1,0,0,0
0,1,0,0
1,0,0,0
0,1,0,0
0,1,0,0
0,0,1,0
1,0,0,0
0,0,1,0
0,1,0,0
0,0,1,0
1,0,0,0
0,0,0,1
1,0,0,0
0,0,1,0
0,1,0,0
0,1,0,0
0,1,0,0
0,1,0,0
0,0,1,0
0,0,1,0
1,0,0,0
1,0,0,0
0,0,1,0
0,0,1,0
0,0,1,0
1,0,0,0
0,1,0,0
0,1,0,0
0,0,1,0
0,0,1,0
0,0,0,1
0,0,1,0
0,1,0,0
0,0,1,0
0,1,0,0
0,1,0,0
0,0,0,1
0,0,0,1
0,0,1,0
1,0,0,0
0,0,0,1
0,1,0,0
0,0,0,1
0,0,1,0
0,0,0,1
1,0,0,0
0,1,0,0
1,0,0,0
0,0,1,0
0,0,0,1
0,1,0,0
0,0,0,1
0,0,1,0
0,0,1,0
0,1,0,0
1,0,0,0
0,1,0,0
1,0,0,0
1,0,0,0
0,1,0,0
0,0,0,1
0,0,1,0
0,0,0,1
0,1,0,0
1,0,0,0
0,1,0,0
1,0,0,0
0,0,1,0
0,1,0,0
1,0,0,0
1,0,0,0
0,1,0,0
1,0,0,0
0,0,0,1
0,1,0,0
0,0,1,0
0,1,0,0
0,1,0,0
0,1,0,0
0,0,0,1
1,0,0,0
0,1,0,0
0,1,0,0
0,0,0,1
0,0,0,1
0,1,0,0
0,0,1,0
1,0,0,0
0,0,1,0
0,1,0,0
0,1,0,0
0,1,0,0
0,1,0,0
0,0,0,1
0,1,0,0
0,0,1,0
0,0,0,1
0,1,0,0
0,0,1,0
0,0,0,1
0,0,1,0
0,0,1,0
0,0,1,0
0,1,0,0
0,1,0,0
0,1,0,0
1,0,0,0
1,0,0,0
1,0,0,0
0,1,0,0
0,1,0,0
0,1,0,0
0,0,1,0
0,1,0,0
0,1,0,0
0,0,0,1
1,0,0,0
1,0,0,0
0,0,1,0
0,0,0,1
0,1,0,0
0,0,1,0
1,0,0,0
0,1,0,0
0,1,0,0
0,0,1,0
1,0,0,0
0,0,0,1
0,1,0,0
0,1,0,0
0,0,0,1
0,1,0,0
1,0,0,0
1,0,0,0
0,1,0,0
0,0,0,1
1,0,0,0
0,0,1,0
0,0,1,0
0,0,1,0
0,1,0,0
0,1,0,0
0,0,1,0
0,0,0,1
0,1,0,0
0,0,0,1
0,1,0,0
0,0,1,0
0,0,0,1
0,1,0,0
0,1,0,0
0,0,1,0
0,1,0,0
0,1,0,0
0,0,1,0
0,0,0,1
1,0,0,0
0,0,1,0
0,1,0,0
1,0,0,0
0,1,0,0
0,1,0,0
0,1,0,0
0,1,0,0
0,1,0,0
0,1,0,0
0,1,0,0
0,0,0,1
0,0,0,1
0,0,1,0
0,0,1,0
0,0,1,0
0,0,1,0
0,1,0,0
0,0,0,1
1,0,0,0
0,0,1,0
0,0,0,1
0,0,1,0
1,0,0,0
0,0,0,1
0,0,1,0
0,1,0,0
1,0,0,0
0,1,0,0
0,1,0,0
0,1,0,0
0,1,0,0
0,1,0,0
0,0,0,1
1,0,0,0
0,1,0,0
1,0,0,0
0,0,1,0
0,0,1,0
0,0,0,1
1,0,0,0
0,0,1,0
1,0,0,0
0,0,1,0
0,0,1,0
0,0,1,0
0,1,0,0
0,1,0,0
0,0,0,1
0,1,0,0
0,0,1,0
0,1,0,0
0,1,0,0
0,1,0,0
0,0,1,0
1,0,0,0
0,0,1,0
0,0,1,0
0,1,0,0
1,0,0,0
0,0,0,1
0,1,0,0
0,0,0,1
0,1,0,0
0,0,1,0
0,1,0,0
0,0,1,0
0,0,1,0
0,0,1,0
0,0,1,0
1,0,0,0
0,0,1,0
0,0,1,0
0,0,0,1
0,0,1,0
0,0,0,1
0,0,1,0
0,0,0,1
0,0,0,1
0,0,1,0
1,0,0,0
0,0,0,1
0,1,0,0
0,0,1,0
1,0,0,0
1,0,0,0
0,0,1,0
1,0,0,0
1,0,0,0
0,1,0,0
1,0,0,0
0,1,0,0
0,1,0,0
0,1,0,0
1,0,0,0
0,0,0,1
0,0,1,0
0,1,0,0
0,1,0,0
0,0,1,0
0,0,0,1
0,0,1,0
0,0,0,1
1,0,0,0
0,1,0,0
0,0,1,0
0,0,1,0
0,1,0,0
0,0,1,0
0,0,0,1
1,0,0,0
0,1,0,0
1,0,0,0
0,1,0,0
0,0,1,0
1,0,0,0
1,0,0,0
0,0,0,1
0,1,0,0
0,0,0,1
1,0,0,0
0,0,1,0
1,0,0,0
0,0,1,0
0,0,1,0
1,0,0,0
0,0,1,0
0,0,0,1
1,0,0,0
0,0,1,0
1,0,0,0
1,0,0,0
1,0,0,0
1,0,0,0
0,0,0,1
1,0,0,0
0,0,1,0
0,0,1,0
1,0,0,0
0,1,0,0
1,0,0,0
0,1,0,0
0,1,0,0
0,0,1,0
0,1,0,0
0,0,0,1
0,1,0,0
1,0,0,0
0,1,0,0
0,1,0,0
1,0,0,0
0,0,1,0
0,0,1,0
0,0,1,0
0,0,0,1
0,0,0,1
0,1,0,0
1,0,0,0
0,1,0,0
0,1,0,0
0,0,1,0
0,1,0,0
0,0,1,0
0,0,1,0
0,1,0,0
0,0,0,1
0,0,0,1
0,0,1,0
0,0,1,0
0,0,1,0
0,1,0,0
0,1,0,0
0,1,0,0
1,0,0,0
0,0,1,0
0,1,0,0
0,1,0,0
0,0,1,0
0,0,1,0
0,0,0,1
0,1,0,0
0,1,0,0
0,0,1,0
0,1,0,0
0,1,0,0
0,0,0,1
0,1,0,0
0,0,1,0
0,0,1,0
0,0,0,1
0,1,0,0
0,0,0,1
1,0,0,0
0,0,1,0
1,0,0,0
0,1,0,0
0,0,0,1
0,0,0,1
0,0,1,0
0,0,1,0
0,0,0,1
0,1,0,0
0,1,0,0
0,1,0,0
1,0,0,0
1,0,0,0
0,1,0,0
1,0,0,0
1,0,0,0
0,0,0,1
0,0,1,0
0,0,0,1
0,1,0,0
0,0,1,0
0,1,0,0
0,0,1,0
0,0,1,0
0,0,1,0
0,1,0,0
0,1,0,0
0,1,0,0
0,0,1,0
0,0,1,0
0,0,0,1
0,0,0,1
0,0,1,0
0,0,1,0
0,0,1,0
1,0,0,0
0,0,0,1
0,0,0,1
0,1,0,0
1,0,0,0
0,1,0,0
0,1,0,0
1,0,0,0
0,0,1,0
0,0,1,0
0,0,0,1
0,1,0,0
0,0,0,1
0,0,1,0
0,0,1,0
1,0,0,0
0,1,0,0
0,1,0,0
0,1,0,0
0,1,0,0
0,0,1,0
0,1,0,0
0,0,0,1
0,1,0,0
1,0,0,0
0,1,0,0
0,1,0,0
0,0,0,1
1,0,0,0
0,0,1,0
0,0,0,1
0,1,0,0
0,0,1,0
0,1,0,0
0,0,1,0
0,0,1,0
0,0,1,0
0,1,0,0
0,1,0,0
0,1,0,0
0,1,0,0
0,1,0,0
0,1,0,0
0,1,0,0
0,0,1,0
0,0,1,0
1,0,0,0
0,1,0,0
0,1,0,0
1,0,0,0
0,0,0,1
0,0,1,0
0,1,0,0
0,0,1,0
0,0,0,1
0,0,0,1
1,0,0,0
1,0,0,0
0,1,0,0
0,1,0,0
1,0,0,0
0,0,0,1
0,1,0,0
0,0,1,0
0,1,0,0
0,1,0,0
0,0,0,1
0,0,1,0
0,1,0,0
0,1,0,0
0,1,0,0
1,0,0,0
0,0,1,0
0,0,0,1
0,0,1,0
0,1,0,0
1,0,0,0
0,1,0,0
0,0,0,1
1,0,0,0
0,1,0,0
0,0,1,0
1,0,0,0
1,0,0,0
1,0,0,0
0,1,0,0
0,1,0,0
0,0,0,1
0,1,0,0
0,1,0,0
0,0,1,0
0,1,0,0
0,0,1,0
1,0,0,0
0,0,1,0
0,1,0,0
0,1,0,0
0,1,0,0
0,1,0,0
0,1,0,0
0,1,0,0
0,1,0,0
1,0,0,0
0,0,1,0
0,0,1,0
0,0,1,0
0,0,0,1
1,0,0,0
0,1,0,0
0,0,0,1
1,0,0,0
0,1,0,0
0,1,0,0
1,0,0,0
0,0,1,0
0,1,0,0
0,0,1,0
1,0,0,0
1,0,0,0
0,1,0,0
1,0,0,0
0,1,0,0
0,1,0,0
0,0,0,1
0,0,1,0
0,0,0,1
0,0,1,0
0,1,0,0
0,1,0,0
0,0,0,1
0,0,0,1
0,0,1,0
1,0,0,0
0,0,1,0
0,0,1,0
0,0,1,0
0,1,0,0
0,1,0,0
0,1,0,0
0,0,0,1
0,0,1,0
0,0,0,1
0,1,0,0
0,1,0,0
1,0,0,0
0,1,0,0
0,0,1,0
1,0,0,0
0,0,0,1
0,0,1,0
0,1,0,0
0,1,0,0
1,0,0,0
0,0,0,1
0,0,0,1
0,1,0,0
0,0,0,1
0,1,0,0
0,0,1,0
1,0,0,0
0,1,0,0
0,1,0,0
0,1,0,0
0,1,0,0
1,0,0,0
0,0,0,1
0,0,1,0
0,0,0,1
0,1,0,0
0,0,1,0
0,0,0,1
0,1,0,0
0,0,0,1
1,0,0,0
1,0,0,0
1,0,0,0
0,1,0,0
0,0,1,0
1,0,0,0
1,0,0,0
0,1,0,0
0,0,0,1
0,1,0,0
0,1,0,0
0,1,0,0
0,0,0,1
0,0,0,1
0,1,0,0
0,0,0,1
0,0,1,0
0,0,0,1
0,1,0,0
0,0,1,0
0,1,0,0
1,0,0,0
0,0,0,1
0,0,0,1
0,0,1,0
0,0,1,0
1,0,0,0
0,0,1,0
0,0,0,1
1,0,0,0
0,0,0,1
0,1,0,0
0,0,1,0
0,0,0,1
0,1,0,0
0,1,0,0
0,1,0,0
0,1,0,0
0,1,0,0
0,0,1,0
0,0,1,0
0,0,1,0
0,0,1,0
0,0,1,0
0,0,1,0
0,1,0,0
0,0,1,0
1,0,0,0
0,1,0,0
1,0,0,0
0,0,0,1
1,0,0,0
0,0,1,0
0,1,0,0
0,0,1,0
1,0,0,0
1,0,0,0
0,0,0,1
0,1,0,0
1,0,0,0
0,1,0,0
0,0,0,1
0,1,0,0
0,0,1,0
0,0,0,1
1,0,0,0
0,1,0,0
1,0,0,0
0,0,0,1
0,1,0,0
0,0,1,0
1,0,0,0
0,0,1,0
0,1,0,0
0,0,1,0
0,0,1,0
0,0,0,1
0,0,1,0
0,0,0,1
0,0,1,0
0,0,1,0
0,0,0,1
0,1,0,0
1,0,0,0
0,0,1,0
1,0,0,0
0,0,1,0
0,0,1,0
0,1,0,0
0,0,0,1
0,0,1,0
0,0,0,1
0,0,1,0
0,0,1,0
0,0,1,0
0,1,0,0
0,0,1,0
0,0,1,0
0,1,0,0
0,0,0,1
0,1,0,0
0,1,0,0
1,0,0,0
0,0,1,0
0,1,0,0
0,0,0,1
0,0,0,1
0,0,1,0
1,0,0,0
0,1,0,0
0,0,0,1
0,1,0,0
0,0,1,0
0,0,0,1
0,1,0,0
1,0,0,0
0,0,0,1
1,0,0,0
1,0,0,0
0,1,0,0
0,0,1,0
0,0,1,0
0,1,0,0
0,0,1,0
0,0,1,0
1,0,0,0
0,1,0,0
0,0,1,0
1,0,0,0
0,1,0,0
0,1,0,0
0,0,1,0
0,1,0,0
0,0,0,1
0,1,0,0
1,0,0,0
0,0,0,1
0,1,0,0
1,0,0,0
1,0,0,0
0,0,1,0
0,0,0,1
0,0,0,1
0,1,0,0
0,0,1,0
0,1,0,0
0,1,0,0
0,0,0,1
0,0,1,0
0,0,1,0
0,1,0,0
0,0,1,0
0,0,0,1
0,1,0,0
0,1,0,0
0,0,0,1
0,1,0,0
0,0,0,1
0,1,0,0
0,0,0,1
1,0,0,0
0,0,0,1
0,1,0,0
0,1,0,0
0,1,0,0
0,0,1,0
1,0,0,0
0,1,0,0
1,0,0,0
0,1,0,0
0,0,1,0
0,1,0,0
0,0,0,1
0,1,0,0
0,0,0,1
0,0,1,0
1,0,0,0
0,0,0,1
0,0,1,0
0,1,0,0
0,0,0,1
0,1,0,0
0,0,1,0
0,0,1,0
0,1,0,0
0,1,0,0
0,1,0,0
0,0,1,0
0,0,0,1
0,0,1,0
1,0,0,0
0,0,1,0
0,1,0,0
0,0,0,1
1,0,0,0
0,1,0,0
0,1,0,0
0,1,0,0
0,0,1,0
0,0,0,1
0,0,1,0
0,0,0,1
0,1,0,0
0,0,1,0
0,1,0,0
0,1,0,0
0,1,0,0
0,1,0,0
1,0,0,0
0,0,1,0
1,0,0,0
0,1,0,0
1,0,0,0
0,1,0,0
0,1,0,0
0,0,0,1
0,1,0,0
0,0,1,0
0,1,0,0
0,0,0,1
0,0,1,0
0,0,0,1
0,0,1,0
0,0,1,0
0,0,1,0
0,1,0,0
0,1,0,0
0,1,0,0
1,0,0,0
0,1,0,0
1,0,0,0
0,1,0,0
1,0,0,0
0,1,0,0
0,0,0,1
0,1,0,0
0,0,0,1
1,0,0,0
1,0,0,0
0,1,0,0
0,0,1,0
1,0,0,0
0,0,0,1
0,1,0,0
0,0,1,0
0,1,0,0
0,1,0,0
0,0,0,1
0,1,0,0
0,1,0,0
0,0,1,0
0,0,1,0
1,0,0,0
0,0,1,0
1,0,0,0
0,1,0,0
0,0,1,0
0,0,1,0
0,1,0,0
0,0,1,0
1,0,0,0
0,1,0,0
0,0,1,0
0,0,1,0
0,0,1,0
0,0,1,0
0,0,1,0
0,1,0,0
0,0,1,0
0,0,0,1
0,1,0,0
0,0,1,0
0,1,0,0
0,0,0,1
0,0,1,0
0,0,1,0
0,1,0,0
0,1,0,0
0,1,0,0
1,0,0,0
1,0,0,0
1,0,0,0
0,0,1,0
0,1,0,0
0,0,1,0
1,0,0,0
1,0,0,0
0,0,1,0
0,0,1,0
1,0,0,0
0,1,0,0
0,0,1,0
0,0,1,0
0,0,1,0
0,1,0,0
0,1,0,0
0,1,0,0
0,0,1,0
0,0,0,1
0,0,0,1
0,1,0,0
0,0,1,0
0,0,1,0
1,0,0,0
0,0,1,0
0,0,1,0
0,0,1,0
0,0,1,0
0,1,0,0
0,0,0,1
1,0,0,0
0,0,1,0
0,1,0,0
1,0,0,0
0,1,0,0
1,0,0,0
0,1,0,0
0,1,0,0
0,1,0,0
0,0,1,0
0,1,0,0
0,1,0,0
0,0,1,0
0,0,1,0
0,0,0,1
0,0,1,0
0,0,0,1
0,0,1,0
0,0,1,0
0,1,0,0
0,0,1,0
0,0,1,0
0,1,0,0
1,0,0,0
0,1,0,0
0,0,0,1
0,0,1,0
0,0,1,0
0,0,0,1
1,0,0,0
0,0,1,0
0,1,0,0
0,1,0,0
1,0,0,0
0,1,0,0
0,0,0,1
1,0,0,0
0,0,1,0
0,0,1,0
0,0,0,1
0,0,0,1
0,0,0,1
0,1,0,0
0,0,0,1
1,0,0,0
0,0,1,0
0,0,1,0
0,0,1,0
1,0,0,0
0,1,0,0
1,0,0,0
0,1,0,0
0,1,0,0
1,0,0,0
0,1,0,0
0,0,0,1
0,0,0,1
0,0,1,0
0,0,0,1
0,0,1,0
0,1,0,0
0,0,1,0
0,0,1,0
1,0,0,0
1,0,0,0
0,0,1,0
0,0,1,0
0,0,1,0
0,0,1,0
0,0,0,1
1,0,0,0
0,0,0,1
0,0,1,0
0,0,1,0
0,0,1,0
0,1,0,0
0,0,1,0
0,1,0,0
0,1,0,0
0,1,0,0
0,1,0,0
0,0,1,0
0,1,0,0
0,1,0,0
0,0,0,1
1,0,0,0
0,0,1,0
0,1,0,0
1,0,0,0
0,0,0,1
0,1,0,0
0,1,0,0
0,0,1,0
1,0,0,0
0,0,0,1
1,0,0,0
0,1,0,0
0,0,0,1
1,0,0,0
0,0,1,0
0,1,0,0
0,0,0,1
1,0,0,0
0,1,0,0
0,0,1,0
0,0,0,1
0,1,0,0
0,0,1,0
1,0,0,0
0,1,0,0
0,1,0,0
0,0,1,0
0,0,0,1
0,0,1,0
0,1,0,0
0,1,0,0
0,0,1,0
0,1,0,0
0,1,0,0
0,1,0,0
0,1,0,0
1,0,0,0
0,1,0,0
0,1,0,0
0,0,0,1
1,0,0,0
1,0,0,0
0,1,0,0
1,0,0,0
0,0,0,1
0,1,0,0
0,0,1,0
1,0,0,0
0,1,0,0
1,0,0,0
0,0,1,0
0,0,0,1
1,0,0,0
1,0,0,0
0,0,1,0
0,0,1,0
1,0,0,0
0,1,0,0
0,0,1,0
0,0,0,1
1,0,0,0
0,0,1,0
0,1,0,0
0,0,1,0
0,0,1,0
0,1,0,0
0,0,1,0
0,1,0,0
0,1,0,0
0,1,0,0
0,1,0,0
0,0,0,1
0,1,0,0
0,1,0,0
0,0,1,0
0,1,0,0
0,1,0,0
0,0,1,0
0,1,0,0
0,0,1,0
0,1,0,0
0,0,1,0
1,0,0,0
0,0,0,1
0,1,0,0
0,1,0,0
1,0,0,0
0,0,0,1
1,0,0,0
0,0,1,0
0,1,0,0
0,0,1,0
1,0,0,0
0,1,0,0
0,1,0,0
0,1,0,0
0,1,0,0
1,0,0,0
0,0,0,1
0,0,1,0
0,0,0,1
0,1,0,0
0,0,1,0
0,0,0,1
0,1,0,0
0,0,0,1
1,0,0,0
1,0,0,0
1,0,0,0
0,1,0,0
0,0,1,0
1,0,0,0
1,0,0,0
0,1,0,0
0,0,0,1
0,1,0,0
0,1,0,0
0,1,0,0
0,0,0,1
0,0,0,1
0,1,0,0
0,0,0,1
0,0,1,0
0,0,0,1
0,1,0,0
0,0,1,0
0,1,0,0
1,0,0,0
0,0,0,1
0,0,0,1
0,0,1,0
0,0,1,0
1,0,0,0
0,0,1,0
0,0,0,1
1,0,0,0
0,0,0,1
0,1,0,0
0,0,1,0
0,0,0,1
0,1,0,0
0,1,0,0
0,1,0,0
0,1,0,0
0,1,0,0
0,0,1,0
0,0,1,0
0,0,1,0
0,0,1,0
0,0,1,0
0,0,1,0
0,1,0,0
0,0,1,0
1,0,0,0
0,1,0,0
1,0,0,0
0,0,0,1
1,0,0,0
0,0,1,0
0,1,0,0
0,0,1,0
1,0,0,0
1,0,0,0
0,0,0,1
0,1,0,0
1,0,0,0
0,1,0,0
0,0,0,1
0,1,0,0
0,0,1,0
0,0,0,1
1,0,0,0
0,1,0,0
1,0,0,0
0,0,0,1
0,1,0,0
0,0,1,0
1,0,0,0
0,0,1,0
0,1,0,0
0,0,1,0
0,0,1,0
0,0,0,1
0,0,1,0
0,0,0,1
0,0,1,0
0,0,1,0
0,0,0,1
0,1,0,0
1,0,0,0
0,0,1,0
1,0,0,0
0,0,1,0
0,0,1,0
0,1,0,0
0,0,0,1
0,0,1,0
0,0,0,1
0,0,1,0
0,0,1,0
0,0,1,0
0,1,0,0
0,0,1,0
0,0,1,0
0,1,0,0
0,0,0,1
0,1,0,0
0,1,0,0
1,0,0,0
0,0,1,0
0,1,0,0
0,0,0,1
0,0,0,1
0,0,1,0
1,0,0,0
0,1,0,0
0,0,0,1
0,1,0,0
0,0,1,0
0,0,0,1
0,1,0,0
1,0,0,0
0,0,0,1
1,0,0,0
1,0,0,0
0,1,0,0
0,0,1,0
0,0,1,0
0,1,0,0
0,0,1,0
0,0,1,0
1,0,0,0
0,1,0,0
0,0,1,0
1,0,0,0
0,1,0,0
0,1,0,0
0,0,1,0
0,1,0,0
0,0,0,1
0,1,0,0
1,0,0,0
0,0,0,1
0,1,0,0
1,0,0,0
1,0,0,0
0,0,1,0
0,0,0,1
0,0,0,1
0,1,0,0
0,0,1,0
0,1,0,0
0,1,0,0
0,0,0,1
0,0,1,0
0,0,1,0
0,1,0,0
0,0,1,0
0,0,0,1
0,1,0,0
0,1,0,0
0,0,0,1
0,1,0,0
0,0,0,1
0,1,0,0
0,0,0,1
1,0,0,0
0,0,0,1
0,1,0,0
0,1,0,0
0,1,0,0
0,0,1,0
1,0,0,0
0,1,0,0
1,0,0,0
0,1,0,0
0,0,1,0
0,1,0,0
0,0,0,1
0,1,0,0
0,0,0,1
0,0,1,0
1,0,0,0
0,0,0,1
0,0,1,0
0,1,0,0
0,0,0,1
0,1,0,0
0,0,1,0
0,0,1,0
0,1,0,0
0,1,0,0
0,1,0,0
0,0,1,0
0,0,0,1
0,0,1,0
1,0,0,0
0,0,1,0
0,1,0,0
0,0,0,1
1,0,0,0
0,1,0,0
0,1,0,0
0,1,0,0
0,0,1,0
0,0,0,1
0,0,1,0
0,0,0,1
0,1,0,0
0,0,1,0
0,1,0,0
0,1,0,0
0,1,0,0
0,1,0,0
1,0,0,0
0,0,1,0
1,0,0,0
0,1,0,0
1,0,0,0
0,1,0,0
0,1,0,0
0,0,0,1
0,1,0,0
0,0,1,0
0,1,0,0
0,0,0,1
0,0,1,0
0,0,0,1
0,0,1,0
0,0,1,0
0,0,1,0
0,1,0,0
0,1,0,0
0,1,0,0
1,0,0,0
0,1,0,0
1,0,0,0
0,1,0,0
1,0,0,0
0,1,0,0
0,0,0,1
0,1,0,0
0,0,0,1
1,0,0,0
1,0,0,0
0,1,0,0
0,0,1,0
1,0,0,0
0,0,0,1
0,1,0,0
0,0,1,0
0,1,0,0
0,1,0,0
0,0,0,1
0,1,0,0
0,1,0,0
0,0,1,0
0,0,1,0
1,0,0,0
0,0,1,0
1,0,0,0
0,1,0,0
0,0,1,0
0,0,1,0
0,1,0,0
0,0,1,0
1,0,0,0
0,1,0,0
0,0,1,0
0,0,1,0
0,0,1,0
0,0,1,0
0,0,1,0
0,1,0,0
0,0,1,0
0,0,0,1
0,1,0,0
0,0,1,0
0,1,0,0
0,0,0,1
0,0,1,0
0,0,1,0
0,1,0,0
0,1,0,0
0,1,0,0
1,0,0,0
1,0,0,0
1,0,0,0
0,0,1,0
0,1,0,0
0,0,1,0
1,0,0,0
1,0,0,0
0,0,1,0
0,0,1,0
1,0,0,0
0,1,0,0
0,0,1,0
0,0,1,0
0,0,1,0
0,1,0,0
0,1,0,0
0,1,0,0
0,0,1,0
0,0,0,1
0,0,0,1
0,1,0,0
0,0,1,0
0,0,1,0
1,0,0,0
0,0,1,0
0,0,1,0
0,0,1,0
0,0,1,0
0,1,0,0
0,0,0,1
1,0,0,0
0,0,1,0
0,1,0,0
1,0,0,0
0,1,0,0
1,0,0,0
0,1,0,0
0,1,0,0
0,1,0,0
0,0,1,0
0,1,0,0
0,1,0,0
0,0,1,0
0,0,1,0
0,0,0,1
0,0,1,0
0,0,0,1
0,0,1,0
0,0,1,0
0,1,0,0
0,0,1,0
0,0,1,0
0,1,0,0
1,0,0,0
0,1,0,0
0,0,0,1
0,0,1,0
0,0,1,0
0,0,0,1
1,0,0,0
0,0,1,0
0,1,0,0
0,1,0,0
1,0,0,0
0,1,0,0
0,0,0,1
1,0,0,0
0,0,1,0
0,0,1,0
0,0,0,1
0,0,0,1
0,0,0,1
0,1,0,0
0,0,0,1
1,0,0,0
0,0,1,0
0,0,1,0
0,0,1,0
1,0,0,0
0,1,0,0
1,0,0,0
0,1,0,0
0,1,0,0
1,0,0,0
0,1,0,0
0,0,0,1
0,0,0,1
0,0,1,0
0,0,0,1
0,0,1,0
0,1,0,0
0,0,1,0
0,0,1,0
1,0,0,0
1,0,0,0
0,0,1,0
0,0,1,0
0,0,1,0
0,0,1,0
0,0,0,1
1,0,0,0
0,0,0,1
0,0,1,0
0,0,1,0
0,0,1,0
0,1,0,0
0,0,1,0
0,1,0,0
0,1,0,0
0,1,0,0
0,1,0,0
0,0,1,0
0,1,0,0
0,1,0,0
0,0,0,1
1,0,0,0
0,0,1,0
0,1,0,0
1,0,0,0
0,0,0,1
0,1,0,0
0,1,0,0
0,0,1,0
1,0,0,0
0,0,0,1
1,0,0,0
0,1,0,0
0,0,0,1
1,0,0,0
0,0,1,0
0,1,0,0
0,0,0,1
1,0,0,0
0,1,0,0
0,0,1,0
0,0,0,1
0,1,0,0
0,0,1,0
1,0,0,0
0,1,0,0
0,1,0,0
0,0,1,0
0,0,0,1
0,0,1,0
0,1,0,0
0,1,0,0
0,0,1,0
0,1,0,0
0,1,0,0
0,1,0,0
0,1,0,0
1,0,0,0
0,1,0,0
0,1,0,0
0,0,0,1
1,0,0,0
1,0,0,0
0,1,0,0
1,0,0,0
0,0,0,1
0,1,0,0
0,0,1,0
1,0,0,0
0,1,0,0
1,0,0,0
0,0,1,0
0,0,0,1
1,0,0,0
1,0,0,0
0,0,1,0
0,0,1,0
1,0,0,0
0,1,0,0
0,0,1,0
0,0,0,1
1,0,0,0
0,0,1,0
0,1,0,0
0,0,1,0
0,0,1,0
0,1,0,0
0,0,1,0
0,1,0,0
0,1,0,0
0,1,0,0
0,1,0,0
0,0,0,1
0,1,0,0
0,1,0,0
0,0,1,0
0,1,0,0
0,1,0,0
0,0,1,0
0,1,0,0
0,0,1,0
0,1,0,0
0,0,1,0
1,0,0,0
0,0,0,1
0,1,0,0
0,1,0,0
1,0,0,0
0,0,0,1
1,0,0,0
0,0,1,0
0,0,1,0
0,1,0,0
0,0,0,1
0,0,1,0
0,0,0,1
0,1,0,0
1,0,0,0
0,0,1,0
0,1,0,0
0,1,0,0
0,0,0,1
0,1,0,0
0,1,0,0
0,0,0,1
0,1,0,0
1,0,0,0
0,0,0,1
0,0,1,0
1,0,0,0
0,0,1,0
0,0,1,0
1,0,0,0
0,0,0,1
1,0,0,0
0,1,0,0
0,1,0,0
0,0,0,1
0,0,0,1
0,0,1,0
1,0,0,0
0,0,1,0
0,0,1,0
0,0,1,0
0,1,0,0
0,1,0,0
0,1,0,0
0,0,1,0
1,0,0,0
0,0,0,1
1,0,0,0
0,0,1,0
0,0,1,0
0,0,1,0
0,0,1,0
1,0,0,0
0,0,0,1
0,1,0,0
0,0,0,1
0,0,1,0
0,0,0,1
0,0,1,0
0,1,0,0
0,1,0,0
0,0,0,1
0,0,1,0
1,0,0,0
0,1,0,0
0,1,0,0
1,0,0,0
0,0,0,1
1,0,0,0
0,0,1,0
0,0,1,0
0,0,1,0
1,0,0,0
0,1,0,0
1,0,0,0
0,0,0,1
1,0,0,0
1,0,0,0
0,0,1,0
0,0,0,1
0,0,1,0
1,0,0,0
1,0,0,0
0,1,0,0
0,0,1,0
0,0,1,0
0,1,0,0
0,1,0,0
0,0,1,0
0,1,0,0
0,0,1,0
0,1,0,0
0,0,1,0
0,0,1,0
0,0,1,0
0,1,0,0
0,0,0,1
0,1,0,0
1,0,0,0
1,0,0,0
0,0,0,1
0,1,0,0
0,0,1,0
0,0,0,1
0,0,0,1
0,1,0,0
0,1,0,0
0,0,0,1
0,0,1,0
0,1,0,0
0,0,1,0
0,0,1,0
0,0,1,0
0,0,1,0
0,0,0,1
0,1,0,0
1,0,0,0
0,1,0,0
0,0,1,0
0,1,0,0
0,0,0,1
0,1,0,0
0,1,0,0
0,0,1,0
0,1,0,0
0,1,0,0
1,0,0,0
0,1,0,0
0,1,0,0
0,1,0,0
0,1,0,0
0,1,0,0
1,0,0,0
0,0,1,0
0,1,0,0
0,0,0,1
1,0,0,0
0,0,1,0
0,0,1,0
0,1,0,0
0,1,0,0
0,0,1,0
0,1,0,0
0,0,1,0
0,1,0,0
0,0,0,1
0,1,0,0
0,0,1,0
1,0,0,0
0,0,1,0
0,0,0,1
0,0,1,0
1,0,0,0
1,0,0,0
0,0,1,0
0,1,0,0
0,0,1,0
0,0,1,0
0,1,0,0
0,0,0,1
0,0,0,1
0,0,1,0
0,1,0,0
0,1,0,0
1,0,0,0
0,0,1,0
0,0,0,1
1,0,0,0
0,1,0,0
0,0,0,1
0,1,0,0
0,0,1,0
0,0,1,0
0,0,1,0
0,0,0,1
0,1,0,0
1,0,0,0
1,0,0,0
0,0,0,1
0,0,0,1
0,1,0,0
0,0,0,1
1,0,0,0
1,0,0,0
0,0,0,1
0,1,0,0
0,0,0,1
0,0,0,1
0,1,0,0
0,1,0,0
0,0,1,0
1,0,0,0
0,0,1,0
0,0,0,1
0,0,1,0
0,0,0,1
1,0,0,0
1,0,0,0
0,0,1,0
1,0,0,0
0,0,1,0
0,1,0,0
0,0,1,0
1,0,0,0
0,0,0,1
1,0,0,0
0,0,1,0
1,0,0,0
0,0,0,1
0,0,1,0
0,1,0,0
1,0,0,0
1,0,0,0
0,0,1,0
0,1,0,0
1,0,0,0
0,0,1,0
1,0,0,0
0,0,1,0
0,1,0,0
0,0,1,0
0,0,1,0
1,0,0,0
0,1,0,0
0,1,0,0
0,1,0,0
0,0,0,1
0,1,0,0
1,0,0,0
0,1,0,0
0,0,1,0
0,0,0,1
0,0,0,1
0,0,1,0
0,1,0,0
0,1,0,0
0,0,1,0
0,0,0,1
0,0,1,0
0,0,1,0
1,0,0,0
0,1,0,0
0,0,0,1
0,0,1,0
0,1,0,0
1,0,0,0
1,0,0,0
0,0,0,1
1,0,0,0
1,0,0,0
1,0,0,0
0,1,0,0
0,0,0,1
0,1,0,0
1,0,0,0
0,1,0,0
0,1,0,0
0,1,0,0
0,1,0,0
0,1,0,0
0,1,0,0
0,0,0,1
1,0,0,0
1,0,0,0
0,0,1,0
1,0,0,0
0,1,0,0
0,0,1,0
0,0,1,0
1,0,0,0
0,1,0,0
0,1,0,0
1,0,0,0
0,1,0,0
0,0,1,0
0,1,0,0
1,0,0,0
0,0,1,0
0,0,0,1
1,0,0,0
0,0,1,0
0,0,0,1
1,0,0,0
0,1,0,0
0,1,0,0
1,0,0,0
1,0,0,0
0,1,0,0
0,0,1,0
1,0,0,0
0,1,0,0
0,0,0,1
0,0,0,1
0,0,1,0
0,1,0,0
0,1,0,0
1,0,0,0
1,0,0,0
0,0,1,0
1,0,0,0
0,0,1,0
0,1,0,0
0,1,0,0
0,0,0,1
0,1,0,0
0,1,0,0
0,1,0,0
0,0,1,0
0,0,0,1
0,1,0,0
0,1,0,0
0,1,0,0
1,0,0,0
0,0,1,0
1,0,0,0
0,1,0,0
0,0,0,1
0,1,0,0
1,0,0,0
1,0,0,0
1,0,0,0
0,1,0,0
0,0,0,1
0,1,0,0
0,0,0,1
0,0,1,0
0,0,0,1
0,1,0,0
0,0,1,0
0,0,1,0
0,0,0,1
0,0,0,1
1,0,0,0
1,0,0,0
0,0,1,0
0,1,0,0
0,1,0,0
0,0,0,1
0,0,1,0
0,0,1,0
0,0,0,1
0,0,0,1
1,0,0,0
0,0,0,1
1,0,0,0
0,0,0,1
0,1,0,0
1,0,0,0
1,0,0,0
1,0,0,0
1,0,0,0
0,0,0,1
0,1,0,0
0,0,0,1
1,0,0,0
1,0,0,0
1,0,0,0
0,0,1,0
0,1,0,0
1,0,0,0
0,1,0,0
0,0,0,1
0,0,1,0
1,0,0,0
0,0,1,0
0,0,0,1
1,0,0,0
1,0,0,0
0,0,0,1
0,0,1,0
1,0,0,0
0,1,0,0
0,0,0,1
1,0,0,0
0,1,0,0
0,1,0,0
0,1,0,0
0,0,1,0
0,0,0,1
1,0,0,0
0,0,1,0
1,0,0,0
1,0,0,0
1,0,0,0
1,0,0,0
0,0,1,0
0,0,1,0
0,1,0,0
0,0,0,1
0,1,0,0
0,0,1,0
0,0,0,1
1,0,0,0
0,1,0,0
0,0,1,0
0,1,0,0
0,0,1,0
0,1,0,0
0,1,0,0
0,0,0,1
1,0,0,0
1,0,0,0
0,1,0,0
0,0,1,0
0,0,1,0
0,1,0,0
0,0,1,0
0,0,0,1
0,0,1,0
0,1,0,0
1,0,0,0
0,0,1,0
0,1,0,0
0,0,0,1
1,0,0,0
0,0,1,0
0,1,0,0
1,0,0,0
0,1,0,0
0,1,0,0
0,0,1,0
0,1,0,0
0,1,0,0
0,1,0,0
0,1,0,0
0,1,0,0
0,1,0,0
0,1,0,0
0,0,1,0
0,1,0,0
1,0,0,0
0,1,0,0
1,0,0,0
1,0,0,0
1,0,0,0
0,1,0,0
0,1,0,0
1,0,0,0
0,0,0,1
1,0,0,0
0,1,0,0
0,1,0,0
0,0,1,0
1,0,0,0
0,1,0,0
0,1,0,0
0,1,0,0
0,0,1,0
0,0,1,0
1,0,0,0
1,0,0,0
0,0,1,0
0,0,0,1
1,0,0,0
1,0,0,0
1,0,0,0
0,1,0,0
0,0,0,1
1,0,0,0
0,0,1,0
1,0,0,0
0,0,0,1
0,0,1,0
1,0,0,0
1,0,0,0
0,1,0,0
0,0,1,0
0,1,0,0
0,0,1,0
1,0,0,0
0,1,0,0
0,0,1,0
0,1,0,0
1,0,0,0
0,0,1,0
0,0,0,1
0,1,0,0
1,0,0,0
0,1,0,0
0,0,1,0
0,1,0,0
0,1,0,0
0,1,0,0
1,0,0,0
0,0,1,0
0,0,1,0
0,0,1,0
0,1,0,0
1,0,0,0
1,0,0,0
1,0,0,0
0,1,0,0
0,0,0,1
0,0,1,0
1,0,0,0
0,0,0,1
1,0,0,0
0,0,1,0
0,0,1,0
0,1,0,0
0,0,0,1
1,0,0,0
0,1,0,0
0,1,0,0
1,0,0,0
0,1,0,0
0,1,0,0
0,0,1,0
0,1,0,0
0,1,0,0
1,0,0,0
1,0,0,0
0,1,0,0
0,1,0,0
0,0,0,1
0,1,0,0
0,0,1,0
1,0,0,0
0,0,0,1
0,0,1,0
0,0,0,1
1,0,0,0
0,1,0,0
0,1,0,0
0,1,0,0
0,0,0,1
0,0,1,0
0,0,1,0
0,1,0,0
1,0,0,0
0,1,0,0
1,0,0,0
0,0,1,0
0,0,1,0
0,0,1,0
0,1,0,0
0,0,0,1
0,0,1,0
0,1,0,0
1,0,0,0
0,1,0,0
0,0,1,0
0,0,0,1
0,1,0,0
0,0,1,0
0,0,1,0
0,1,0,0
0,0,1,0
1,0,0,0
1,0,0,0
0,0,1,0
0,1,0,0
0,0,0,1
0,0,1,0
0,0,0,1
0,0,1,0
0,1,0,0
0,1,0,0
0,1,0,0
0,0,0,1
0,0,1,0
0,1,0,0
0,0,0,1
1,0,0,0
1,0,0,0
1,0,0,0
0,0,1,0
0,0,1,0
0,0,1,0
0,0,1,0
0,1,0,0
1,0,0,0
0,1,0,0
1,0,0,0
1,0,0,0
0,1,0,0
0,0,1,0
0,1,0,0
0,0,0,1
1,0,0,0
1,0,0,0
0,0,0,1
1,0,0,0
0,0,0,1
0,1,0,0
1,0,0,0
1,0,0,0
0,0,0,1
0,1,0,0
1,0,0,0
0,1,0,0
0,1,0,0
0,1,0,0
1,0,0,0
0,1,0,0
0,1,0,0
0,1,0,0
0,0,0,1
0,0,0,1
0,0,0,1
0,1,0,0
1,0,0,0
0,1,0,0
1,0,0,0
0,1,0,0
1,0,0,0
1,0,0,0
0,1,0,0
0,0,1,0
0,1,0,0
0,1,0,0
1,0,0,0
0,1,0,0
1,0,0,0
1,0,0,0
0,0,1,0
0,0,1,0
0,0,0,1
1,0,0,0
0,1,0,0
0,1,0,0
0,1,0,0
0,0,1,0
0,1,0,0
1,0,0,0
0,1,0,0
0,0,1,0
1,0,0,0
0,0,1,0
0,1,0,0
0,0,0,1
0,0,1,0
1,0,0,0
0,0,1,0
0,1,0,0
0,0,1,0
0,0,1,0
0,1,0,0
0,1,0,0
0,1,0,0
1,0,0,0
0,0,1,0
1,0,0,0
0,0,1,0
0,1,0,0
0,0,1,0
0,1,0,0
0,1,0,0
0,1,0,0
0,1,0,0
0,0,0,1
0,0,1,0
0,0,1,0
0,1,0,0
0,1,0,0
1,0,0,0
0,1,0,0
1,0,0,0
0,1,0,0
0,1,0,0
0,0,1,0
0,1,0,0
0,1,0,0
0,0,0,1
0,0,1,0
1,0,0,0
0,1,0,0
1,0,0,0
0,0,1,0
0,0,1,0
0,0,0,1
0,1,0,0
1,0,0,0
0,0,0,1
0,1,0,0
0,1,0,0
1,0,0,0
0,1,0,0
1,0,0,0
0,0,0,1
0,1,0,0
1,0,0,0
0,1,0,0
0,0,0,1
0,0,0,1
1,0,0,0
0,0,0,1
0,0,0,1
0,1,0,0
1,0,0,0
0,1,0,0
0,0,0,1
1,0,0,0
0,1,0,0
1,0,0,0
0,1,0,0
0,1,0,0
0,0,0,1
0,1,0,0
0,1,0,0
0,1,0,0
0,0,0,1
0,1,0,0
1,0,0,0
1,0,0,0
0,0,0,1
0,0,1,0
0,0,0,1
0,0,1,0
0,0,1,0
1,0,0,0
1,0,0,0
0,1,0,0
0,1,0,0
0,0,1,0
0,1,0,0
0,0,1,0
0,1,0,0
0,1,0,0
1,0,0,0
0,0,0,1
1,0,0,0
0,0,0,1
0,1,0,0
0,1,0,0
0,0,1,0
1,0,0,0
0,1,0,0
0,1,0,0
0,1,0,0
0,1,0,0
0,0,1,0
0,0,0,1
0,0,1,0
0,1,0,0
0,1,0,0
0,0,1,0
0,0,1,0
0,1,0,0
0,0,0,1
0,1,0,0
0,1,0,0
0,0,0,1
1,0,0,0
0,0,1,0
1,0,0,0
0,0,0,1
0,1,0,0
0,1,0,0
0,1,0,0
1,0,0,0
0,0,0,1
0,0,1,0
0,0,1,0
0,0,1,0
0,0,1,0
1,0,0,0
0,1,0,0
0,0,1,0
0,1,0,0
0,1,0,0
0,1,0,0
0,0,1,0
0,0,1,0
0,1,0,0
0,1,0,0
0,1,0,0
0,1,0,0
0,0,1,0
1,0,0,0
0,0,1,0
0,1,0,0
0,0,1,0
0,1,0,0
0,0,1,0
0,1,0,0
0,1,0,0
0,0,0,1
0,0,0,1
1,0,0,0
1,0,0,0
0,0,1,0
0,1,0,0
0,1,0,0
0,1,0,0
0,0,0,1
1,0,0,0
0,0,0,1
0,0,0,1
0,0,0,1
0,1,0,0
0,1,0,0
1,0,0,0
0,0,0,1
1,0,0,0
0,0,0,1
0,0,0,1
0,0,1,0
0,1,0,0
1,0,0,0
0,0,1,0
1,0,0,0
0,0,1,0
0,0,1,0
0,1,0,0
0,0,0,1
1,0,0,0
1,0,0,0
0,1,0,0
0,0,0,1
0,1,0,0
0,0,1,0
0,0,1,0
0,1,0,0
0,0,1,0
0,0,1,0
0,1,0,0
0,0,1,0
0,0,0,1
0,1,0,0
0,0,1,0
0,0,0,1
0,0,1,0
0,0,1,0
0,0,1,0
1,0,0,0
0,1,0,0
1,0,0,0
0,1,0,0
0,0,1,0
0,0,1,0
1,0,0,0
1,0,0,0
0,0,1,0
0,0,0,1
0,1,0,0
1,0,0,0
1,0,0,0
0,1,0,0
0,1,0,0
0,0,1,0
0,0,1,0
0,0,1,0
0,1,0,0
0,1,0,0
0,0,1,0
0,0,1,0
0,1,0,0
0,0,0,1
0,0,1,0
0,1,0,0
0,0,1,0
0,0,1,0
0,1,0,0
0,1,0,0
0,1,0,0
0,1,0,0
0,0,0,1
0,1,0,0
0,0,0,1
0,0,1,0
1,0,0,0
0,0,1,0
0,1,0,0
1,0,0,0
0,1,0,0
0,0,0,1
1,0,0,0
0,1,0,0
0,0,0,1
0,1,0,0
0,0,1,0
0,0,1,0
0,0,0,1
0,1,0,0
0,0,1,0
0,1,0,0
0,0,1,0
1,0,0,0
0,1,0,0
1,0,0,0
0,0,1,0
1,0,0,0
0,0,0,1
0,0,0,1
0,1,0,0
0,0,1,0
1,0,0,0
0,0,0,1
1,0,0,0
0,0,1,0
0,1,0,0
0,1,0,0
0,0,1,0
0,1,0,0
1,0,0,0
0,1,0,0
0,1,0,0
0,0,0,1
0,0,0,1
1,0,0,0
1,0,0,0
1,0,0,0
0,0,0,1
0,0,0,1
0,0,1,0
0,1,0,0
0,1,0,0
1,0,0,0
1,0,0,0
1,0,0,0
1,0,0,0
1,0,0,0
0,0,1,0
1,0,0,0
0,0,1,0
1,0,0,0
0,1,0,0
0,0,1,0
0,1,0,0
1,0,0,0
0,1,0,0
0,0,1,0
0,0,1,0
0,1,0,0
0,1,0,0
0,1,0,0
0,0,1,0
0,1,0,0
0,1,0,0
0,0,0,1
0,1,0,0
0,0,1,0
1,0,0,0
0,1,0,0
0,0,0,1
0,1,0,0
1,0,0,0
0,1,0,0
1,0,0,0
0,0,0,1
0,1,0,0
0,1,0,0
0,1,0,0
0,0,0,1
0,1,0,0
0,1,0,0
0,1,0,0
0,0,1,0
1,0,0,0
0,1,0,0
1,0,0,0
0,0,1,0
0,1,0,0
0,0,0,1
0,1,0,0
1,0,0,0
0,0,0,1
1,0,0,0
0,1,0,0
0,1,0,0
0,1,0,0
0,0,0,1
0,1,0,0
0,1,0,0
0,0,1,0
0,1,0,0
0,1,0,0
1,0,0,0
1,0,0,0
0,0,1,0
0,0,1,0
0,0,1,0
0,1,0,0
0,1,0,0
1,0,0,0
1,0,0,0
0,0,0,1
0,0,0,1
0,0,1,0
1,0,0,0
0,1,0,0
0,0,0,1
0,1,0,0
0,0,1,0
0,0,0,1
0,1,0,0
0,0,0,1
0,0,1,0
0,1,0,0
1,0,0,0
1,0,0,0
0,1,0,0
1,0,0,0
1,0,0,0
0,0,0,1
1,0,0,0
0,1,0,0
1,0,0,0
0,0,1,0
1,0,0,0
0,0,1,0
1,0,0,0
1,0,0,0
0,1,0,0
0,0,1,0
0,0,0,1
0,1,0,0
0,1,0,0
1,0,0,0
0,1,0,0
1,0,0,0
0,0,0,1
0,0,0,1
0,1,0,0
0,1,0,0
0,0,0,1
0,1,0,0
0,1,0,0
0,0,1,0
0,0,1,0
1,0,0,0
1,0,0,0
0,0,0,1
1,0,0,0
0,1,0,0
0,1,0,0
0,0,0,1
0,1,0,0
0,0,1,0
0,0,1,0
0,1,0,0
0,0,1,0
0,0,1,0
1,0,0,0
1,0,0,0
0,1,0,0
0,0,1,0
0,0,0,1
0,0,1,0
0,0,1,0
0,1,0,0
0,0,1,0
0,1,0,0
0,1,0,0
1,0,0,0
0,0,1,0
1,0,0,0
0,1,0,0
0,1,0,0
0,0,1,0
0,1,0,0
0,1,0,0
0,1,0,0
0,1,0,0
1,0,0,0
0,1,0,0
1,0,0,0
0,0,0,1
0,0,1,0
1,0,0,0
0,0,1,0
0,0,0,1
0,0,0,1
1,0,0,0
1,0,0,0
0,1,0,0
0,1,0,0
0,1,0,0
1,0,0,0
0,0,1,0
0,1,0,0
1,0,0,0
0,0,1,0
0,1,0,0
1,0,0,0
0,1,0,0
1,0,0,0
1,0,0,0
0,1,0,0
0,1,0,0
0,0,0,1
1,0,0,0
0,1,0,0
1,0,0,0
0,1,0,0
0,1,0,0
0,0,0,1
0,1,0,0
0,0,0,1
0,1,0,0
0,1,0,0
1,0,0,0
1,0,0,0
1,0,0,0
0,1,0,0
0,1,0,0
0,1,0,0
0,1,0,0
0,1,0,0
0,1,0,0
0,1,0,0
0,0,1,0
0,1,0,0
0,1,0,0
0,0,0,1
0,1,0,0
1,0,0,0
0,1,0,0
0,1,0,0
0,1,0,0
0,0,0,1
0,1,0,0
0,1,0,0
1,0,0,0
1,0,0,0
0,0,0,1
0,0,1,0
0,1,0,0
0,0,1,0
0,1,0,0
0,1,0,0
0,1,0,0
0,1,0,0
0,1,0,0
0,0,0,1
0,1,0,0
0,1,0,0
0,0,0,1
0,1,0,0
0,1,0,0
0,1,0,0
0,1,0,0
0,0,1,0
0,1,0,0
0,0,1,0
0,1,0,0
0,0,1,0
1,0,0,0
0,0,1,0
0,1,0,0
1,0,0,0
1,0,0,0
0,1,0,0
0,0,0,1
0,1,0,0
0,1,0,0
0,0,1,0
0,1,0,0
0,1,0,0
0,0,0,1
0,1,0,0
1,0,0,0
1,0,0,0
1,0,0,0
0,1,0,0
1,0,0,0
0,0,1,0
0,1,0,0
0,0,1,0
0,0,1,0
0,1,0,0
0,1,0,0
0,1,0,0
0,0,1,0
0,1,0,0
0,0,1,0
0,1,0,0
0,1,0,0
0,0,1,0
0,0,1,0
0,0,1,0
0,1,0,0
0,0,0,1
0,0,0,1
0,1,0,0
1,0,0,0
0,1,0,0
0,1,0,0
0,1,0,0
0,1,0,0
1,0,0,0
1,0,0,0
1,0,0,0
1,0,0,0
0,0,1,0
0,1,0,0
0,0,0,1
0,0,1,0
0,0,1,0
0,1,0,0
1,0,0,0
1,0,0,0
0,1,0,0
0,1,0,0
0,1,0,0
1,0,0,0
1,0,0,0
0,0,0,1
0,0,0,1
1,0,0,0
1,0,0,0
0,1,0,0
1,0,0,0
0,0,1,0
0,0,1,0
1,0,0,0
0,1,0,0
1,0,0,0
0,0,1,0
0,0,1,0
0,0,1,0
0,1,0,0
0,0,1,0
1,0,0,0
0,0,1,0
1,0,0,0
0,1,0,0
0,0,1,0
1,0,0,0
1,0,0,0
0,1,0,0
1,0,0,0
0,1,0,0
0,0,1,0
0,0,1,0
1,0,0,0
1,0,0,0
0,1,0,0
0,1,0,0
1,0,0,0
0,0,0,1
0,0,1,0
1,0,0,0
0,1,0,0
0,0,1,0
0,0,1,0
0,1,0,0
0,0,1,0
0,0,1,0
0,0,1,0
0,1,0,0
0,1,0,0
0,0,1,0
0,0,0,1
0,0,0,1
1,0,0,0
0,0,0,1
1,0,0,0
0,1,0,0
0,0,0,1
0,1,0,0
1,0,0,0
0,0,0,1
0,0,0,1
0,0,1,0
1,0,0,0
1,0,0,0
0,0,1,0
1,0,0,0
0,0,1,0
0,0,1,0
0,1,0,0
0,0,1,0
0,0,1,0
0,0,0,1
0,1,0,0
0,0,0,1
0,0,1,0
1,0,0,0
0,0,1,0
0,0,0,1
0,0,1,0
0,0,0,1
0,1,0,0
0,0,0,1
0,1,0,0
0,0,0,1
0,0,0,1
0,1,0,0
0,0,0,1
0,1,0,0
0,0,0,1
0,0,1,0
0,0,0,1
0,1,0,0
0,0,0,1
0,1,0,0
0,0,0,1
0,1,0,0
0,1,0,0
1,0,0,0
0,0,1,0
1,0,0,0
1,0,0,0
0,0,0,1
0,1,0,0
0,0,0,1
0,0,0,1
0,1,0,0
0,0,0,1
0,0,0,1
0,1,0,0
1,0,0,0
0,0,0,1
0,0,1,0
0,1,0,0
0,1,0,0
1,0,0,0
0,0,1,0
0,0,0,1
0,0,1,0
0,0,1,0
0,0,1,0
0,0,0,1
0,0,1,0
0,0,0,1
0,0,0,1
0,1,0,0
0,0,0,1
0,0,1,0
0,1,0,0
0,1,0,0
0,0,0,1
0,1,0,0
0,0,1,0
1,0,0,0
0,0,0,1
0,0,0,1
0,0,0,1
0,0,0,1
1,0,0,0
0,1,0,0
0,0,1,0
0,1,0,0
0,0,1,0
0,0,0,1
0,0,1,0
0,1,0,0
0,0,1,0
0,0,1,0
0,0,0,1
0,1,0,0
1,0,0,0
1,0,0,0
0,0,0,1
0,1,0,0
0,0,1,0
0,1,0,0
0,0,1,0
0,1,0,0
0,1,0,0
1,0,0,0
0,0,1,0
0,1,0,0
0,0,0,1
0,1,0,0
1,0,0,0
1,0,0,0
0,1,0,0
0,0,0,1
1,0,0,0
1,0,0,0
1,0,0,0
0,1,0,0
0,0,0,1
0,0,1,0
0,1,0,0
0,0,0,1
0,1,0,0
0,1,0,0
0,1,0,0
1,0,0,0
0,1,0,0
1,0,0,0
0,0,1,0
0,1,0,0
0,0,0,1
1,0,0,0
0,0,1,0
0,1,0,0
1,0,0,0
0,1,0,0
0,1,0,0
0,0,1,0
0,1,0,0
0,1,0,0
0,1,0,0
0,1,0,0
0,1,0,0
0,1,0,0
0,1,0,0
0,0,1,0
0,1,0,0
1,0,0,0
0,1,0,0
1,0,0,0
1,0,0,0
1,0,0,0
0,1,0,0
0,1,0,0
1,0,0,0
0,0,0,1
1,0,0,0
0,1,0,0
0,1,0,0
0,0,1,0
1,0,0,0
0,1,0,0
0,1,0,0
0,1,0,0
0,0,1,0
0,0,1,0
1,0,0,0
1,0,0,0
0,0,1,0
0,0,0,1
1,0,0,0
1,0,0,0
1,0,0,0
0,1,0,0
0,0,0,1
1,0,0,0
0,0,1,0
1,0,0,0
0,0,0,1
0,0,1,0
1,0,0,0
1,0,0,0
0,1,0,0
0,0,1,0
0,1,0,0
0,0,1,0
1,0,0,0
0,1,0,0
0,0,1,0
0,1,0,0
1,0,0,0
0,0,1,0
0,0,0,1
0,1,0,0
1,0,0,0
0,1,0,0
0,0,1,0
0,1,0,0
0,1,0,0
0,1,0,0
1,0,0,0
0,0,1,0
0,0,1,0
0,0,1,0
0,1,0,0
1,0,0,0
1,0,0,0
1,0,0,0
0,1,0,0
0,0,0,1
0,0,1,0
1,0,0,0
0,0,0,1
1,0,0,0
0,0,1,0
0,0,1,0
0,1,0,0
0,0,0,1
1,0,0,0
0,1,0,0
0,1,0,0
1,0,0,0
0,1,0,0
0,1,0,0
0,0,1,0
0,1,0,0
0,1,0,0
1,0,0,0
1,0,0,0
0,1,0,0
0,1,0,0
0,0,0,1
0,1,0,0
0,0,1,0
1,0,0,0
0,0,0,1
0,0,1,0
0,0,0,1
1,0,0,0
0,1,0,0
0,1,0,0
0,1,0,0
0,0,0,1
0,0,1,0
0,0,1,0
0,1,0,0
1,0,0,0
0,1,0,0
1,0,0,0
0,0,1,0
0,0,1,0
0,0,1,0
0,1,0,0
0,0,0,1
0,0,1,0
0,1,0,0
1,0,0,0
0,1,0,0
0,0,1,0
0,0,0,1
0,1,0,0
0,0,1,0
0,0,1,0
0,1,0,0
0,0,1,0
1,0,0,0
1,0,0,0
0,0,1,0
0,1,0,0
0,0,0,1
0,0,1,0
0,0,0,1
0,0,1,0
0,1,0,0
0,1,0,0
0,1,0,0
0,0,0,1
0,0,1,0
0,1,0,0
0,0,0,1
1,0,0,0
1,0,0,0
1,0,0,0
0,0,1,0
0,0,1,0
0,0,1,0
0,0,1,0
0,1,0,0
1,0,0,0
0,1,0,0
1,0,0,0
1,0,0,0
0,1,0,0
0,0,1,0
0,1,0,0
0,0,0,1
1,0,0,0
1,0,0,0
0,0,0,1
1,0,0,0
0,0,0,1
0,1,0,0
1,0,0,0
1,0,0,0
0,0,0,1
0,1,0,0
1,0,0,0
0,1,0,0
0,1,0,0
0,1,0,0
1,0,0,0
0,1,0,0
0,1,0,0
0,1,0,0
0,0,0,1
0,0,0,1
0,0,0,1
0,1,0,0
1,0,0,0
0,1,0,0
1,0,0,0
0,1,0,0
1,0,0,0
1,0,0,0
0,1,0,0
0,0,1,0
0,1,0,0
0,1,0,0
1,0,0,0
0,1,0,0
1,0,0,0
1,0,0,0
0,0,1,0
0,0,1,0
0,0,0,1
1,0,0,0
0,1,0,0
0,1,0,0
0,1,0,0
0,0,1,0
0,1,0,0
1,0,0,0
0,1,0,0
0,0,1,0
1,0,0,0
0,0,1,0
0,1,0,0
0,0,0,1
0,0,1,0
1,0,0,0
0,0,1,0
0,1,0,0
0,0,1,0
0,0,1,0
0,1,0,0
0,1,0,0
0,1,0,0
1,0,0,0
0,0,1,0
1,0,0,0
0,0,1,0
0,1,0,0
0,0,1,0
0,1,0,0
0,1,0,0
0,1,0,0
0,1,0,0
0,0,0,1
0,0,1,0
0,0,1,0
0,1,0,0
0,1,0,0
1,0,0,0
0,1,0,0
1,0,0,0
0,1,0,0
0,1,0,0
0,0,1,0
0,1,0,0
0,1,0,0
0,0,0,1
0,0,1,0
1,0,0,0
0,1,0,0
1,0,0,0
0,0,1,0
0,0,1,0
0,0,0,1
0,1,0,0
1,0,0,0
0,0,0,1
0,1,0,0
0,1,0,0
1,0,0,0
0,1,0,0
1,0,0,0
0,0,0,1
0,1,0,0
1,0,0,0
0,1,0,0
0,0,0,1
0,0,0,1
1,0,0,0
0,0,0,1
0,0,0,1
0,1,0,0
1,0,0,0
0,1,0,0
0,0,0,1
1,0,0,0
0,1,0,0
1,0,0,0
0,1,0,0
0,1,0,0
0,0,0,1
0,1,0,0
0,1,0,0
0,1,0,0
0,0,0,1
0,1,0,0
1,0,0,0
1,0,0,0
0,0,0,1
0,0,1,0
0,0,0,1
0,0,1,0
0,0,1,0
1,0,0,0
1,0,0,0
0,1,0,0
0,1,0,0
0,0,1,0
0,1,0,0
0,0,1,0
0,1,0,0
0,1,0,0
1,0,0,0
0,0,0,1
1,0,0,0
0,0,0,1
0,1,0,0
0,1,0,0
0,0,1,0
1,0,0,0
0,1,0,0
0,1,0,0
0,1,0,0
0,1,0,0
0,0,1,0
0,0,0,1
0,0,1,0
0,1,0,0
0,1,0,0
0,0,1,0
0,0,1,0
0,1,0,0
0,0,0,1
0,1,0,0
0,1,0,0
0,0,0,1
1,0,0,0
0,0,1,0
1,0,0,0
0,0,0,1
0,1,0,0
0,1,0,0
0,1,0,0
1,0,0,0
0,0,0,1
0,0,1,0
0,0,1,0
0,0,1,0
0,0,1,0
1,0,0,0
0,1,0,0
0,0,1,0
0,1,0,0
0,1,0,0
0,1,0,0
0,0,1,0
0,0,1,0
0,1,0,0
0,1,0,0
0,1,0,0
0,1,0,0
0,0,1,0
1,0,0,0
0,0,1,0
0,1,0,0
0,0,1,0
0,1,0,0
0,0,1,0
0,1,0,0
0,1,0,0
0,0,0,1
0,0,0,1
1,0,0,0
1,0,0,0
0,0,1,0
0,1,0,0
0,1,0,0
0,1,0,0
0,0,0,1
1,0,0,0
0,0,0,1
0,0,0,1
0,0,0,1
0,1,0,0
0,1,0,0
1,0,0,0
0,0,0,1
1,0,0,0
0,0,0,1
0,0,0,1
0,0,1,0
0,1,0,0
1,0,0,0
0,0,1,0
1,0,0,0
0,0,1,0
0,0,1,0
0,1,0,0
0,0,0,1
1,0,0,0
1,0,0,0
0,1,0,0
0,0,0,1
0,1,0,0
0,0,1,0
0,0,1,0
0,1,0,0
0,0,1,0
0,0,1,0
0,1,0,0
0,0,1,0
0,0,0,1
0,1,0,0
0,0,1,0
0,0,0,1
0,0,1,0
0,0,1,0
0,0,1,0
1,0,0,0
0,1,0,0
1,0,0,0
0,1,0,0
0,0,1,0
0,0,1,0
1,0,0,0
1,0,0,0
0,0,1,0
0,0,0,1
0,1,0,0
1,0,0,0
1,0,0,0
0,1,0,0
0,1,0,0
0,0,1,0
0,0,1,0
0,0,1,0
0,1,0,0
0,1,0,0
0,0,1,0
0,0,1,0
0,1,0,0
0,0,0,1
0,0,1,0
0,1,0,0
0,0,1,0
0,0,1,0
0,1,0,0
0,1,0,0
0,1,0,0
0,1,0,0
0,0,0,1
0,1,0,0
0,0,0,1
0,0,1,0
1,0,0,0
0,0,1,0
0,1,0,0
1,0,0,0
0,1,0,0
0,0,0,1
1,0,0,0
0,1,0,0
0,0,0,1
0,1,0,0
0,0,1,0
0,0,1,0
0,0,0,1
0,1,0,0
0,0,1,0
0,1,0,0
0,0,1,0
1,0,0,0
0,1,0,0
1,0,0,0
0,0,1,0
1,0,0,0
0,0,0,1
0,0,0,1
0,1,0,0
0,0,1,0
1,0,0,0
0,0,0,1
1,0,0,0
0,0,1,0
0,1,0,0
0,1,0,0
0,0,1,0
0,1,0,0
1,0,0,0
0,1,0,0
0,1,0,0
0,0,0,1
0,0,0,1
1,0,0,0
1,0,0,0
1,0,0,0
0,0,0,1
0,0,0,1
0,0,1,0
0,1,0,0
0,1,0,0
1,0,0,0
1,0,0,0
1,0,0,0
1,0,0,0
1,0,0,0
0,0,1,0
1,0,0,0
0,0,1,0
1,0,0,0
0,1,0,0
0,0,1,0
0,1,0,0
1,0,0,0
0,1,0,0
0,0,1,0
0,0,1,0
0,1,0,0
0,1,0,0
0,1,0,0
0,0,1,0
0,1,0,0
0,1,0,0
0,0,0,1
0,1,0,0
0,0,1,0
1,0,0,0
0,1,0,0
0,0,0,1
0,1,0,0
1,0,0,0
0,1,0,0
1,0,0,0
0,0,0,1
0,1,0,0
0,1,0,0
0,1,0,0
0,0,0,1
0,1,0,0
0,1,0,0
0,1,0,0
0,0,1,0
1,0,0,0
0,1,0,0
1,0,0,0
0,0,1,0
0,1,0,0
0,0,0,1
0,1,0,0
1,0,0,0
0,0,0,1
1,0,0,0
0,1,0,0
0,1,0,0
0,1,0,0
0,0,0,1
0,1,0,0
0,1,0,0
0,0,1,0
0,1,0,0
0,1,0,0
1,0,0,0
1,0,0,0
0,0,1,0
0,0,1,0
0,0,1,0
0,1,0,0
0,1,0,0
1,0,0,0
1,0,0,0
0,0,0,1
0,0,0,1
0,0,1,0
1,0,0,0
0,1,0,0
0,0,0,1
0,1,0,0
0,0,1,0
0,0,0,1
0,1,0,0
0,0,0,1
0,0,1,0
0,1,0,0
1,0,0,0
1,0,0,0
0,1,0,0
1,0,0,0
1,0,0,0
0,0,0,1
1,0,0,0
0,1,0,0
1,0,0,0
0,0,1,0
1,0,0,0
0,0,1,0
1,0,0,0
1,0,0,0
0,1,0,0
0,0,1,0
0,0,0,1
0,1,0,0
0,1,0,0
1,0,0,0
0,1,0,0
1,0,0,0
0,0,0,1
0,0,0,1
0,1,0,0
0,1,0,0
0,0,0,1
0,1,0,0
0,1,0,0
0,0,1,0
0,0,1,0
1,0,0,0
1,0,0,0
0,0,0,1
1,0,0,0
0,1,0,0
0,1,0,0
0,0,0,1
0,1,0,0
0,0,1,0
0,0,1,0
0,1,0,0
0,0,1,0
0,0,1,0
1,0,0,0
1,0,0,0
0,1,0,0
0,0,1,0
0,0,0,1
0,0,1,0
0,0,1,0
0,1,0,0
0,0,1,0
0,1,0,0
0,1,0,0
1,0,0,0
0,0,1,0
1,0,0,0
0,1,0,0
0,1,0,0
0,0,1,0
0,1,0,0
0,1,0,0
0,1,0,0
0,1,0,0
1,0,0,0
0,1,0,0
1,0,0,0
0,0,0,1
0,0,1,0
1,0,0,0
0,0,1,0
0,0,0,1
0,0,0,1
1,0,0,0
1,0,0,0
0,1,0,0
0,1,0,0
0,1,0,0
1,0,0,0
0,0,1,0
0,1,0,0
1,0,0,0
0,0,1,0
0,1,0,0
1,0,0,0
0,1,0,0
1,0,0,0
1,0,0,0
0,1,0,0
0,1,0,0
0,0,0,1
1,0,0,0
0,1,0,0
1,0,0,0
0,1,0,0
0,1,0,0
0,0,0,1
0,1,0,0
0,0,0,1
0,1,0,0
0,1,0,0
1,0,0,0
1,0,0,0
1,0,0,0
0,1,0,0
0,1,0,0
0,1,0,0
0,1,0,0
0,1,0,0
0,1,0,0
0,1,0,0
0,0,1,0
0,1,0,0
0,1,0,0
0,0,0,1
0,1,0,0
1,0,0,0
0,1,0,0
0,1,0,0
0,1,0,0
0,0,0,1
0,1,0,0
0,1,0,0
1,0,0,0
1,0,0,0
0,0,0,1
0,0,1,0
0,1,0,0
0,0,1,0
0,1,0,0
0,1,0,0
0,1,0,0
0,1,0,0
0,1,0,0
0,0,0,1
0,1,0,0
0,1,0,0
0,0,0,1
0,1,0,0
0,1,0,0
0,1,0,0
0,1,0,0
0,0,1,0
0,1,0,0
0,0,1,0
0,1,0,0
0,0,1,0
1,0,0,0
0,0,1,0
0,1,0,0
1,0,0,0
1,0,0,0
0,1,0,0
0,0,0,1
0,1,0,0
0,1,0,0
0,0,1,0
0,1,0,0
0,1,0,0
0,0,0,1
0,1,0,0
1,0,0,0
1,0,0,0
1,0,0,0
0,1,0,0
1,0,0,0
0,0,1,0
0,1,0,0
0,0,1,0
0,0,1,0
0,1,0,0
0,1,0,0
0,1,0,0
0,0,1,0
0,1,0,0
0,0,1,0
0,1,0,0
0,1,0,0
0,0,1,0
0,0,1,0
0,0,1,0
0,1,0,0
0,0,0,1
0,0,0,1
0,1,0,0
1,0,0,0
0,1,0,0
0,1,0,0
0,1,0,0
0,1,0,0
1,0,0,0
1,0,0,0
1,0,0,0
1,0,0,0
0,0,1,0
0,1,0,0
0,0,0,1
0,0,1,0
0,0,1,0
0,1,0,0
1,0,0,0
1,0,0,0
0,1,0,0
0,1,0,0
0,1,0,0
1,0,0,0
1,0,0,0
0,0,0,1
0,0,0,1
1,0,0,0
1,0,0,0
0,1,0,0
1,0,0,0
0,0,1,0
0,0,1,0
1,0,0,0
0,1,0,0
1,0,0,0
0,0,1,0
0,0,1,0
0,0,1,0
0,1,0,0
0,0,1,0
1,0,0,0
0,0,1,0
1,0,0,0
0,1,0,0
0,0,1,0
1,0,0,0
1,0,0,0
0,1,0,0
1,0,0,0
0,1,0,0
0,0,1,0
0,0,1,0
1,0,0,0
1,0,0,0
0,1,0,0
0,1,0,0
1,0,0,0
0,0,0,1
0,0,1,0
1,0,0,0
0,1,0,0
0,0,1,0
0,0,1,0
0,1,0,0
0,0,1,0
0,0,1,0
0,0,1,0
0,1,0,0
0,1,0,0
0,0,1,0
0,0,0,1
0,0,0,1
1,0,0,0
0,0,0,1
1,0,0,0
0,1,0,0
0,0,0,1
0,1,0,0
1,0,0,0
0,0,0,1
0,0,0,1
0,0,1,0
1,0,0,0
1,0,0,0
0,0,1,0
1,0,0,0
0,0,1,0
0,0,1,0
0,1,0,0
0,0,1,0
0,0,1,0
0,0,0,1
0,1,0,0
0,0,0,1
0,0,1,0
1,0,0,0
0,0,1,0
0,0,0,1
0,0,1,0
0,0,0,1
0,1,0,0
0,0,0,1
0,1,0,0
0,0,0,1
0,0,0,1
0,1,0,0
0,0,0,1
0,1,0,0
0,0,0,1
0,0,1,0
0,0,0,1
0,1,0,0
0,0,0,1
0,1,0,0
0,0,0,1
0,1,0,0
0,1,0,0
1,0,0,0
0,0,1,0
1,0,0,0
1,0,0,0
0,0,0,1
0,1,0,0
0,0,0,1
0,0,0,1
0,1,0,0
0,0,0,1
0,0,0,1
0,1,0,0
1,0,0,0
0,0,0,1
0,0,1,0
0,1,0,0
0,1,0,0
1,0,0,0
0,0,1,0
0,0,0,1
0,0,1,0
0,0,1,0
0,0,1,0
0,0,0,1
0,0,1,0
0,0,0,1
0,0,0,1
0,1,0,0
0,0,0,1
0,0,1,0
0,1,0,0
0,1,0,0
0,0,0,1
0,1,0,0
0,0,1,0
1,0,0,0
0,0,0,1
0,0,0,1
0,0,0,1
0,0,0,1
1,0,0,0
0,1,0,0
0,0,1,0
0,1,0,0
0,0,1,0
0,0,0,1
0,0,1,0
0,1,0,0
0,0,1,0
0,0,1,0
0,0,0,1
0,1,0,0
1,0,0,0
1,0,0,0
0,0,0,1
0,1,0,0
0,0,1,0
0,1,0,0
0,0,1,0
0,1,0,0
0,1,0,0
1,0,0,0
0,0,1,0
0,1,0,0
0,0,0,1
0,1,0,0
1,0,0,0
1,0,0,0
0,1,0,0
0,0,0,1
1,0,0,0
1,0,0,0
1,0,0,0
0,1,0,0
0,0,0,1
0,0,1,0
0,1,0,0
0,0,0,1
0,1,0,0
0,1,0,0
0,1,0,0
1,0,0,0
1,0,0,0
0,1,0,0
0,0,0,1
1,0,0,0
0,1,0,0
0,0,0,1
0,1,0,0
0,0,0,1
0,0,1,0
0,0,1,0
0,1,0,0
0,0,0,1
0,1,0,0
0,1,0,0
0,1,0,0
0,0,0,1
0,0,0,1
1,0,0,0
0,1,0,0
0,0,0,1
1,0,0,0
0,0,1,0
0,1,0,0
0,1,0,0
0,0,1,0
1,0,0,0
0,0,1,0
0,0,0,1
0,1,0,0
0,0,1,0
0,0,0,1
0,1,0,0
0,1,0,0
1,0,0,0
0,1,0,0
0,0,0,1
0,0,1,0
0,0,1,0
0,0,1,0
0,1,0,0
0,0,1,0
1,0,0,0
1,0,0,0
0,1,0,0
1,0,0,0
0,1,0,0
0,0,1,0
0,1,0,0
0,1,0,0
0,0,1,0
1,0,0,0
0,0,1,0
0,1,0,0
1,0,0,0
0,1,0,0
0,1,0,0
0,1,0,0
1,0,0,0
0,1,0,0
0,0,0,1
0,0,0,1
0,1,0,0
0,1,0,0
0,1,0,0
0,1,0,0
0,1,0,0
0,0,1,0
1,0,0,0
1,0,0,0
0,1,0,0
0,0,1,0
1,0,0,0
1,0,0,0
0,1,0,0
0,1,0,0
0,0,1,0
0,1,0,0
0,0,1,0
0,1,0,0
0,1,0,0
0,0,0,1
1,0,0,0
0,0,1,0
0,0,1,0
1,0,0,0
1,0,0,0
1,0,0,0
0,0,0,1
1,0,0,0
1,0,0,0
1,0,0,0
0,0,1,0
0,0,1,0
1,0,0,0
0,1,0,0
0,1,0,0
0,1,0,0
0,0,1,0
0,0,0,1
0,1,0,0
0,0,1,0
0,0,0,1
1,0,0,0
1,0,0,0
0,1,0,0
0,1,0,0
0,1,0,0
1,0,0,0
0,0,1,0
0,0,1,0
0,1,0,0
0,0,1,0
1,0,0,0
0,0,0,1
1,0,0,0
0,1,0,0
1,0,0,0
0,0,0,1
1,0,0,0
0,0,1,0
0,1,0,0
0,1,0,0
0,1,0,0
0,1,0,0
0,0,0,1
1,0,0,0
0,0,1,0
0,1,0,0
0,1,0,0
0,0,0,1
0,1,0,0
0,1,0,0
0,0,1,0
0,0,0,1
0,0,0,1
0,1,0,0
0,1,0,0
0,0,0,1
0,0,1,0
0,1,0,0
0,0,1,0
1,0,0,0
1,0,0,0
0,0,0,1
1,0,0,0
1,0,0,0
0,0,1,0
1,0,0,0
0,0,1,0
1,0,0,0
0,0,0,1
0,1,0,0
0,0,1,0
0,1,0,0
0,1,0,0
0,1,0,0
1,0,0,0
0,1,0,0
1,0,0,0
0,0,1,0
0,1,0,0
1,0,0,0
1,0,0,0
0,0,1,0
1,0,0,0
1,0,0,0
0,1,0,0
1,0,0,0
0,0,1,0
0,1,0,0
0,1,0,0
0,0,1,0
0,0,1,0
1,0,0,0
0,0,1,0
0,1,0,0
0,0,1,0
0,0,0,1
0,0,1,0
0,1,0,0
0,0,1,0
0,0,0,1
0,1,0,0
1,0,0,0
0,0,1,0
0,1,0,0
0,0,1,0
1,0,0,0
0,1,0,0
0,1,0,0
0,0,1,0
0,1,0,0
0,1,0,0
0,0,0,1
0,0,1,0
0,0,0,1
0,0,0,1
0,1,0,0
0,0,1,0
0,0,1,0
1,0,0,0
0,0,1,0
0,1,0,0
0,1,0,0
0,1,0,0
0,1,0,0
1,0,0,0
0,1,0,0
0,1,0,0
0,0,1,0
0,0,0,1
0,1,0,0
1,0,0,0
1,0,0,0
0,1,0,0
1,0,0,0
1,0,0,0
0,0,1,0
0,1,0,0
0,0,1,0
1,0,0,0
0,1,0,0
0,1,0,0
1,0,0,0
0,0,1,0
0,0,1,0
0,1,0,0
0,1,0,0
1,0,0,0
0,1,0,0
0,0,1,0
1,0,0,0
0,1,0,0
0,0,0,1
0,0,1,0
1,0,0,0
0,1,0,0
1,0,0,0
0,0,0,1
0,0,1,0
1,0,0,0
1,0,0,0
0,1,0,0
0,1,0,0
0,0,1,0
0,0,1,0
0,1,0,0
0,0,1,0
0,1,0,0
0,1,0,0
1,0,0,0
1,0,0,0
1,0,0,0
0,0,1,0
0,1,0,0
0,1,0,0
0,0,1,0
1,0,0,0
1,0,0,0
1,0,0,0
0,0,1,0
0,0,1,0
0,1,0,0
0,1,0,0
1,0,0,0
1,0,0,0
1,0,0,0
0,0,1,0
0,1,0,0
1,0,0,0
0,0,0,1
0,0,1,0
0,1,0,0
1,0,0,0
0,1,0,0
0,0,1,0
0,0,1,0
1,0,0,0
0,0,1,0
1,0,0,0
0,1,0,0
1,0,0,0
0,0,1,0
0,1,0,0
1,0,0,0
0,1,0,0
0,0,1,0
0,0,0,1
0,1,0,0
0,0,1,0
0,1,0,0
0,0,1,0
1,0,0,0
0,0,0,1
0,0,0,1
1,0,0,0
0,1,0,0
0,0,0,1
1,0,0,0
0,1,0,0
0,0,1,0
0,0,1,0
0,1,0,0
0,1,0,0
1,0,0,0
0,1,0,0
0,1,0,0
1,0,0,0
1,0,0,0
1,0,0,0
1,0,0,0
0,0,1,0
0,0,1,0
1,0,0,0
0,1,0,0
0,1,0,0
0,0,0,1
0,0,0,1
0,1,0,0
1,0,0,0
0,1,0,0
1,0,0,0
0,0,0,1
0,0,0,1
0,1,0,0
0,0,0,1
0,1,0,0
0,0,1,0
0,1,0,0
0,1,0,0
0,0,1,0
1,0,0,0
0,0,0,1
0,1,0,0
0,1,0,0
0,0,1,0
0,0,1,0
0,1,0,0
0,1,0,0
1,0,0,0
0,0,1,0
0,1,0,0
0,1,0,0
0,0,1,0
0,0,1,0
0,0,1,0
0,0,1,0
0,1,0,0
0,0,1,0
0,1,0,0
0,0,0,1
0,1,0,0
0,1,0,0
0,1,0,0
1,0,0,0
0,1,0,0
0,0,1,0
0,1,0,0
0,1,0,0
1,0,0,0
1,0,0,0
1,0,0,0
0,1,0,0
0,1,0,0
0,0,1,0
1,0,0,0
1,0,0,0
0,0,1,0
0,0,1,0
0,0,1,0
0,0,1,0
1,0,0,0
1,0,0,0
0,1,0,0
0,0,1,0
1,0,0,0
0,1,0,0
0,1,0,0
0,0,0,1
0,1,0,0
0,0,1,0
0,1,0,0
1,0,0,0
1,0,0,0
0,0,1,0
0,1,0,0
0,1,0,0
0,1,0,0
0,1,0,0
0,1,0,0
0,0,0,1
1,0,0,0
0,0,1,0
0,1,0,0
1,0,0,0
1,0,0,0
0,0,1,0
0,0,0,1
0,1,0,0
0,1,0,0
0,0,0,1
0,0,1,0
0,0,0,1
1,0,0,0
0,1,0,0
0,0,1,0
0,0,1,0
0,1,0,0
0,0,1,0
0,0,0,1
0,1,0,0
0,0,0,1
0,1,0,0
0,0,1,0
1,0,0,0
1,0,0,0
1,0,0,0
0,0,0,1
0,1,0,0
0,1,0,0
0,0,0,1
0,0,1,0
1,0,0,0
0,0,1,0
1,0,0,0
0,1,0,0
0,1,0,0
1,0,0,0
0,0,1,0
0,1,0,0
0,0,0,1
0,1,0,0
0,0,1,0
0,1,0,0
0,1,0,0
0,1,0,0
0,0,0,1
1,0,0,0
1,0,0,0
1,0,0,0
1,0,0,0
0,1,0,0
0,1,0,0
0,1,0,0
0,0,1,0
0,0,0,1
0,1,0,0
1,0,0,0
0,1,0,0
1,0,0,0
1,0,0,0
0,0,1,0
0,1,0,0
0,1,0,0
1,0,0,0
0,0,0,1
0,0,1,0
1,0,0,0
0,0,1,0
0,1,0,0
0,1,0,0
0,1,0,0
1,0,0,0
0,1,0,0
0,1,0,0
0,1,0,0
1,0,0,0
0,0,1,0
0,0,1,0
0,0,1,0
0,1,0,0
1,0,0,0
0,1,0,0
0,0,0,1
0,1,0,0
0,1,0,0
1,0,0,0
0,1,0,0
0,0,1,0
1,0,0,0
1,0,0,0
0,1,0,0
0,1,0,0
1,0,0,0
0,1,0,0
1,0,0,0
0,1,0,0
0,0,1,0
0,1,0,0
0,1,0,0
1,0,0,0
0,1,0,0
1,0,0,0
0,1,0,0
1,0,0,0
0,0,0,1
0,1,0,0
1,0,0,0
0,1,0,0
0,1,0,0
0,0,1,0
1,0,0,0
1,0,0,0
1,0,0,0
1,0,0,0
0,1,0,0
1,0,0,0
0,1,0,0
1,0,0,0
0,1,0,0
0,1,0,0
0,0,1,0
0,0,0,1
0,0,0,1
0,0,1,0
0,0,1,0
1,0,0,0
0,1,0,0
0,0,1,0
0,0,1,0
0,0,1,0
0,0,1,0
0,1,0,0
0,1,0,0
0,0,1,0
1,0,0,0
0,1,0,0
1,0,0,0
0,0,1,0
0,1,0,0
0,1,0,0
0,0,0,1
1,0,0,0
0,0,1,0
0,1,0,0
0,1,0,0
0,0,1,0
0,0,1,0
0,1,0,0
0,1,0,0
0,0,1,0
0,0,0,1
0,1,0,0
0,0,1,0
1,0,0,0
0,1,0,0
1,0,0,0
0,1,0,0
0,0,1,0
1,0,0,0
0,0,1,0
0,1,0,0
0,1,0,0
0,0,1,0
1,0,0,0
0,1,0,0
0,1,0,0
1,0,0,0
0,1,0,0
0,0,0,1
0,1,0,0
0,1,0,0
0,1,0,0
0,0,0,1
0,1,0,0
1,0,0,0
1,0,0,0
1,0,0,0
0,1,0,0
0,1,0,0
0,1,0,0
0,1,0,0
0,1,0,0
0,0,0,1
0,1,0,0
0,0,1,0
1,0,0,0
0,0,1,0
1,0,0,0
0,1,0,0
0,1,0,0
0,1,0,0
0,1,0,0
1,0,0,0
0,0,1,0
0,1,0,0
0,1,0,0
0,1,0,0
0,1,0,0
0,1,0,0
0,0,1,0
0,0,1,0
0,0,1,0
0,0,1,0
1,0,0,0
1,0,0,0
0,0,0,1
0,0,0,1
0,1,0,0
0,0,1,0
0,0,0,1
0,0,1,0
0,1,0,0
0,0,1,0
1,0,0,0
0,1,0,0
0,0,1,0
0,0,0,1
1,0,0,0
0,1,0,0
0,1,0,0
0,1,0,0
0,1,0,0
0,0,1,0
1,0,0,0
1,0,0,0
0,0,1,0
0,0,0,1
0,1,0,0
0,1,0,0
1,0,0,0
1,0,0,0
1,0,0,0
0,0,0,1
0,1,0,0
1,0,0,0
0,0,0,1
0,1,0,0
0,0,1,0
1,0,0,0
1,0,0,0
0,0,0,1
0,0,0,1
0,0,1,0
0,1,0,0
0,0,0,1
0,1,0,0
0,0,1,0
0,1,0,0
0,0,1,0
0,0,1,0
0,0,0,1
0,1,0,0
0,0,1,0
1,0,0,0
1,0,0,0
0,0,0,1
0,0,0,1
0,0,1,0
0,1,0,0
0,0,1,0
0,0,0,1
1,0,0,0
0,0,0,1
1,0,0,0
0,0,1,0
1,0,0,0
0,0,1,0
0,0,1,0
0,1,0,0
1,0,0,0
0,0,0,1
0,0,0,1
0,0,1,0
0,0,1,0
0,1,0,0
1,0,0,0
0,0,1,0
1,0,0,0
0,1,0,0
1,0,0,0
0,1,0,0
0,1,0,0
0,1,0,0
0,0,0,1
0,1,0,0
0,0,1,0
0,1,0,0
0,0,1,0
0,0,1,0
0,0,1,0
0,0,0,1
1,0,0,0
1,0,0,0
0,1,0,0
0,0,0,1
0,0,1,0
0,1,0,0
0,0,1,0
0,0,1,0
0,0,1,0
0,1,0,0
0,0,1,0
0,0,1,0
1,0,0,0
0,1,0,0
0,1,0,0
0,0,0,1
0,1,0,0
0,0,0,1
0,1,0,0
0,1,0,0
0,1,0,0
0,1,0,0
0,1,0,0
1,0,0,0
0,0,0,1
0,1,0,0
0,1,0,0
1,0,0,0
0,1,0,0
0,0,1,0
0,1,0,0
1,0,0,0
0,1,0,0
1,0,0,0
0,1,0,0
0,1,0,0
1,0,0,0
0,0,1,0
0,1,0,0
0,1,0,0
0,0,0,1
0,0,1,0
1,0,0,0
0,0,1,0
1,0,0,0
0,0,1,0
1,0,0,0
0,0,0,1
0,0,1,0
0,0,1,0
1,0,0,0
0,1,0,0
0,1,0,0
1,0,0,0
0,0,0,1
0,1,0,0
0,1,0,0
1,0,0,0
1,0,0,0
0,0,1,0
1,0,0,0
1,0,0,0
0,1,0,0
0,1,0,0
0,0,1,0
1,0,0,0
0,1,0,0
0,1,0,0
0,1,0,0
0,0,1,0
0,0,1,0
0,0,1,0
0,0,1,0
1,0,0,0
0,0,1,0
0,0,0,1
1,0,0,0
0,1,0,0
1,0,0,0
0,1,0,0
0,0,1,0
0,1,0,0
0,0,1,0
1,0,0,0
0,1,0,0
0,1,0,0
1,0,0,0
0,1,0,0
0,1,0,0
0,1,0,0
0,1,0,0
0,1,0,0
1,0,0,0
0,0,0,1
1,0,0,0
0,0,1,0
0,1,0,0
0,0,1,0
0,0,1,0
0,1,0,0
0,1,0,0
0,0,0,1
0,0,1,0
0,0,1,0
0,0,1,0
0,0,1,0
0,1,0,0
0,0,1,0
1,0,0,0
0,1,0,0
0,0,1,0
1,0,0,0
1,0,0,0
0,1,0,0
1,0,0,0
0,1,0,0
0,0,1,0
1,0,0,0
0,1,0,0
0,1,0,0
1,0,0,0
0,0,1,0
0,0,1,0
1,0,0,0
0,1,0,0
1,0,0,0
1,0,0,0
1,0,0,0
1,0,0,0
0,1,0,0
0,1,0,0
0,0,1,0
0,1,0,0
0,0,1,0
0,0,1,0
0,1,0,0
0,0,1,0
1,0,0,0
0,1,0,0
0,1,0,0
0,1,0,0
0,0,1,0
1,0,0,0
1,0,0,0
0,1,0,0
0,1,0,0
0,1,0,0
1,0,0,0
1,0,0,0
0,0,0,1
0,0,0,1
1,0,0,0
0,1,0,0
0,0,1,0
0,0,1,0
1,0,0,0
1,0,0,0
0,1,0,0
1,0,0,0
0,1,0,0
0,1,0,0
0,1,0,0
0,1,0,0
0,1,0,0
0,1,0,0
0,1,0,0
0,1,0,0
0,1,0,0
0,0,1,0
0,1,0,0
0,0,1,0
1,0,0,0
0,1,0,0
0,0,0,1
0,1,0,0
1,0,0,0
0,1,0,0
0,1,0,0
0,1,0,0
1,0,0,0
0,1,0,0
1,0,0,0
1,0,0,0
0,1,0,0
0,1,0,0
0,0,1,0
1,0,0,0
0,0,1,0
0,1,0,0
0,1,0,0
0,1,0,0
0,1,0,0
1,0,0,0
0,1,0,0
0,1,0,0
1,0,0,0
0,0,1,0
0,0,1,0
0,0,0,1
0,1,0,0
0,0,0,1
0,1,0,0
1,0,0,0
0,0,0,1
0,1,0,0
0,1,0,0
1,0,0,0
0,0,1,0
0,1,0,0
0,0,1,0
0,1,0,0
0,1,0,0
0,1,0,0
0,0,0,1
0,1,0,0
1,0,0,0
1,0,0,0
0,1,0,0
0,1,0,0
0,1,0,0
1,0,0,0
1,0,0,0
0,0,0,1
0,0,1,0
1,0,0,0
0,1,0,0
0,0,1,0
0,1,0,0
1,0,0,0
1,0,0,0
0,1,0,0
0,0,1,0
0,0,1,0
0,0,0,1
0,0,1,0
0,1,0,0
1,0,0,0
0,1,0,0
0,0,0,1
1,0,0,0
0,0,0,1
0,0,1,0
0,0,1,0
0,0,0,1
0,0,0,1
0,1,0,0
0,1,0,0
0,0,1,0
1,0,0,0
1,0,0,0
0,1,0,0
0,1,0,0
0,0,0,1
0,0,1,0
0,1,0,0
0,0,0,1
0,1,0,0
0,0,0,1
1,0,0,0
0,0,1,0
0,0,1,0
0,1,0,0
0,0,0,1
1,0,0,0
0,0,1,0
0,1,0,0
0,0,1,0
0,1,0,0
1,0,0,0
0,1,0,0
0,0,0,1
0,0,0,1
0,1,0,0
0,1,0,0
0,1,0,0
1,0,0,0
1,0,0,0
0,0,1,0
0,0,1,0
0,1,0,0
0,0,1,0
0,0,1,0
0,0,1,0
0,0,0,1
0,0,0,1
0,0,1,0
0,0,1,0
0,0,1,0
0,1,0,0
0,0,0,1
0,1,0,0
0,0,0,1
0,0,1,0
0,0,0,1
0,1,0,0
0,0,0,1
0,0,0,1
1,0,0,0
0,0,0,1
0,0,1,0
0,0,1,0
0,0,1,0
0,1,0,0
0,0,0,1
0,0,1,0
0,0,0,1
0,1,0,0
0,0,1,0
0,1,0,0
0,0,1,0
0,0,0,1
0,0,1,0
0,0,1,0
0,0,1,0
1,0,0,0
0,1,0,0
0,0,0,1
0,1,0,0
0,0,1,0
0,1,0,0
0,1,0,0
0,1,0,0
0,0,0,1
1,0,0,0
0,1,0,0
0,0,0,1
0,1,0,0
0,0,0,1
0,0,1,0
0,0,1,0
0,1,0,0
0,0,0,1
0,1,0,0
0,1,0,0
0,1,0,0
0,0,0,1
0,0,0,1
1,0,0,0
0,1,0,0
0,0,0,1
1,0,0,0
0,0,1,0
0,1,0,0
0,1,0,0
0,0,1,0
1,0,0,0
0,0,1,0
0,0,0,1
0,1,0,0
0,0,1,0
0,0,0,1
0,1,0,0
0,1,0,0
1,0,0,0
0,1,0,0
0,0,0,1
0,0,1,0
0,0,1,0
0,0,1,0
0,1,0,0
0,0,1,0
1,0,0,0
1,0,0,0
0,1,0,0
1,0,0,0
0,1,0,0
0,0,1,0
0,1,0,0
0,1,0,0
0,0,1,0
1,0,0,0
0,0,1,0
0,1,0,0
1,0,0,0
0,1,0,0
0,1,0,0
0,1,0,0
1,0,0,0
0,1,0,0
0,0,0,1
0,0,0,1
0,1,0,0
0,1,0,0
0,1,0,0
0,1,0,0
0,1,0,0
0,0,1,0
1,0,0,0
1,0,0,0
0,1,0,0
0,0,1,0
1,0,0,0
1,0,0,0
0,1,0,0
0,1,0,0
0,0,1,0
0,1,0,0
0,0,1,0
0,1,0,0
0,1,0,0
0,0,0,1
1,0,0,0
0,0,1,0
0,0,1,0
1,0,0,0
1,0,0,0
1,0,0,0
0,0,0,1
1,0,0,0
1,0,0,0
1,0,0,0
0,0,1,0
0,0,1,0
1,0,0,0
0,1,0,0
0,1,0,0
0,1,0,0
0,0,1,0
0,0,0,1
0,1,0,0
0,0,1,0
0,0,0,1
1,0,0,0
1,0,0,0
0,1,0,0
0,1,0,0
0,1,0,0
1,0,0,0
0,0,1,0
0,0,1,0
0,1,0,0
0,0,1,0
1,0,0,0
0,0,0,1
1,0,0,0
0,1,0,0
1,0,0,0
0,0,0,1
1,0,0,0
0,0,1,0
0,1,0,0
0,1,0,0
0,1,0,0
0,1,0,0
0,0,0,1
1,0,0,0
0,0,1,0
0,1,0,0
0,1,0,0
0,0,0,1
0,1,0,0
0,1,0,0
0,0,1,0
0,0,0,1
0,0,0,1
0,1,0,0
0,1,0,0
0,0,0,1
0,0,1,0
0,1,0,0
0,0,1,0
1,0,0,0
1,0,0,0
0,0,0,1
1,0,0,0
1,0,0,0
0,0,1,0
1,0,0,0
0,0,1,0
1,0,0,0
0,0,0,1
0,1,0,0
0,0,1,0
0,1,0,0
0,1,0,0
0,1,0,0
1,0,0,0
0,1,0,0
1,0,0,0
0,0,1,0
0,1,0,0
1,0,0,0
1,0,0,0
0,0,1,0
1,0,0,0
1,0,0,0
0,1,0,0
1,0,0,0
0,0,1,0
0,1,0,0
0,1,0,0
0,0,1,0
0,0,1,0
1,0,0,0
0,0,1,0
0,1,0,0
0,0,1,0
0,0,0,1
0,0,1,0
0,1,0,0
0,0,1,0
0,0,0,1
0,1,0,0
1,0,0,0
0,0,1,0
0,1,0,0
0,0,1,0
1,0,0,0
0,1,0,0
0,1,0,0
0,0,1,0
0,1,0,0
0,1,0,0
0,0,0,1
0,0,1,0
0,0,0,1
0,0,0,1
0,1,0,0
0,0,1,0
0,0,1,0
1,0,0,0
0,0,1,0
0,1,0,0
0,1,0,0
0,1,0,0
0,1,0,0
1,0,0,0
0,1,0,0
0,1,0,0
0,0,1,0
0,0,0,1
0,1,0,0
1,0,0,0
1,0,0,0
0,1,0,0
1,0,0,0
1,0,0,0
0,0,1,0
0,1,0,0
0,0,1,0
1,0,0,0
0,1,0,0
0,1,0,0
1,0,0,0
0,0,1,0
0,0,1,0
0,1,0,0
0,1,0,0
1,0,0,0
0,1,0,0
0,0,1,0
1,0,0,0
0,1,0,0
0,0,0,1
0,0,1,0
1,0,0,0
0,1,0,0
1,0,0,0
0,0,0,1
0,0,1,0
1,0,0,0
1,0,0,0
0,1,0,0
0,1,0,0
0,0,1,0
0,0,1,0
0,1,0,0
0,0,1,0
0,1,0,0
0,1,0,0
1,0,0,0
1,0,0,0
1,0,0,0
0,0,1,0
0,1,0,0
0,1,0,0
0,0,1,0
1,0,0,0
1,0,0,0
1,0,0,0
0,0,1,0
0,0,1,0
0,1,0,0
0,1,0,0
1,0,0,0
1,0,0,0
1,0,0,0
0,0,1,0
0,1,0,0
1,0,0,0
0,0,0,1
0,0,1,0
0,1,0,0
1,0,0,0
0,1,0,0
0,0,1,0
0,0,1,0
1,0,0,0
0,0,1,0
1,0,0,0
0,1,0,0
1,0,0,0
0,0,1,0
0,1,0,0
1,0,0,0
0,1,0,0
0,0,1,0
0,0,0,1
0,1,0,0
0,0,1,0
0,1,0,0
0,0,1,0
1,0,0,0
0,0,0,1
0,0,0,1
1,0,0,0
0,1,0,0
0,0,0,1
1,0,0,0
0,1,0,0
0,0,1,0
0,0,1,0
0,1,0,0
0,1,0,0
1,0,0,0
0,1,0,0
0,1,0,0
1,0,0,0
1,0,0,0
1,0,0,0
1,0,0,0
0,0,1,0
0,0,1,0
1,0,0,0
0,1,0,0
0,1,0,0
0,0,0,1
0,0,0,1
0,1,0,0
1,0,0,0
0,1,0,0
1,0,0,0
0,0,0,1
0,0,0,1
0,1,0,0
0,0,0,1
0,1,0,0
0,0,1,0
0,1,0,0
0,1,0,0
0,0,1,0
1,0,0,0
0,0,0,1
0,1,0,0
0,1,0,0
0,0,1,0
0,0,1,0
0,1,0,0
0,1,0,0
1,0,0,0
0,0,1,0
0,1,0,0
0,1,0,0
0,0,1,0
0,0,1,0
0,0,1,0
0,0,1,0
0,1,0,0
0,0,1,0
0,1,0,0
0,0,0,1
0,1,0,0
0,1,0,0
0,1,0,0
1,0,0,0
0,1,0,0
0,0,1,0
0,1,0,0
0,1,0,0
1,0,0,0
1,0,0,0
1,0,0,0
0,1,0,0
0,1,0,0
0,0,1,0
1,0,0,0
1,0,0,0
0,0,1,0
0,0,1,0
0,0,1,0
0,0,1,0
1,0,0,0
1,0,0,0
0,1,0,0
0,0,1,0
1,0,0,0
0,1,0,0
0,1,0,0
0,0,0,1
0,1,0,0
0,0,1,0
0,1,0,0
1,0,0,0
1,0,0,0
0,0,1,0
0,1,0,0
0,1,0,0
0,1,0,0
0,1,0,0
0,1,0,0
0,0,0,1
1,0,0,0
0,0,1,0
0,1,0,0
1,0,0,0
1,0,0,0
0,0,1,0
0,0,0,1
0,1,0,0
0,1,0,0
0,0,0,1
0,0,1,0
0,0,0,1
1,0,0,0
0,1,0,0
0,0,1,0
0,0,1,0
0,1,0,0
0,0,1,0
0,0,0,1
0,1,0,0
0,0,0,1
0,1,0,0
0,0,1,0
1,0,0,0
1,0,0,0
1,0,0,0
0,0,0,1
0,1,0,0
0,1,0,0
0,0,0,1
0,0,1,0
1,0,0,0
0,0,1,0
1,0,0,0
0,1,0,0
0,1,0,0
1,0,0,0
0,0,1,0
0,1,0,0
0,0,0,1
0,1,0,0
0,0,1,0
0,1,0,0
0,1,0,0
0,1,0,0
0,0,0,1
1,0,0,0
1,0,0,0
1,0,0,0
1,0,0,0
0,1,0,0
0,1,0,0
0,1,0,0
0,0,1,0
0,0,0,1
0,1,0,0
1,0,0,0
0,1,0,0
1,0,0,0
1,0,0,0
0,0,1,0
0,1,0,0
0,1,0,0
1,0,0,0
0,0,0,1
0,0,1,0
1,0,0,0
0,0,1,0
0,1,0,0
0,1,0,0
0,1,0,0
1,0,0,0
0,1,0,0
0,1,0,0
0,1,0,0
1,0,0,0
0,0,1,0
0,0,1,0
0,0,1,0
0,1,0,0
1,0,0,0
0,1,0,0
0,0,0,1
0,1,0,0
0,1,0,0
1,0,0,0
0,1,0,0
0,0,1,0
1,0,0,0
1,0,0,0
0,1,0,0
0,1,0,0
1,0,0,0
0,1,0,0
1,0,0,0
0,1,0,0
0,0,1,0
0,1,0,0
0,1,0,0
1,0,0,0
0,1,0,0
1,0,0,0
0,1,0,0
1,0,0,0
0,0,0,1
0,1,0,0
1,0,0,0
0,1,0,0
0,1,0,0
0,0,1,0
1,0,0,0
1,0,0,0
1,0,0,0
1,0,0,0
0,1,0,0
1,0,0,0
0,1,0,0
1,0,0,0
0,1,0,0
0,1,0,0
0,0,1,0
0,0,0,1
0,0,0,1
0,0,1,0
0,0,1,0
1,0,0,0
0,1,0,0
0,0,1,0
0,0,1,0
0,0,1,0
0,0,1,0
0,1,0,0
0,1,0,0
0,0,1,0
1,0,0,0
0,1,0,0
1,0,0,0
0,0,1,0
0,1,0,0
0,1,0,0
0,0,0,1
1,0,0,0
0,0,1,0
0,1,0,0
0,1,0,0
0,0,1,0
0,0,1,0
0,1,0,0
0,1,0,0
0,0,1,0
0,0,0,1
0,1,0,0
0,0,1,0
1,0,0,0
0,1,0,0
1,0,0,0
0,1,0,0
0,0,1,0
1,0,0,0
0,0,1,0
0,1,0,0
0,1,0,0
0,0,1,0
1,0,0,0
0,1,0,0
0,1,0,0
1,0,0,0
0,1,0,0
0,0,0,1
0,1,0,0
0,1,0,0
0,1,0,0
0,0,0,1
0,1,0,0
1,0,0,0
1,0,0,0
1,0,0,0
0,1,0,0
0,1,0,0
0,1,0,0
0,1,0,0
0,1,0,0
0,0,0,1
0,1,0,0
0,0,1,0
1,0,0,0
0,0,1,0
1,0,0,0
0,1,0,0
0,1,0,0
0,1,0,0
0,1,0,0
1,0,0,0
0,0,1,0
0,1,0,0
0,1,0,0
0,1,0,0
0,1,0,0
0,1,0,0
0,0,1,0
0,0,1,0
0,0,1,0
0,0,1,0
1,0,0,0
1,0,0,0
0,0,0,1
0,0,0,1
0,1,0,0
0,0,1,0
0,0,0,1
0,0,1,0
0,1,0,0
0,0,1,0
1,0,0,0
0,1,0,0
0,0,1,0
0,0,0,1
1,0,0,0
0,1,0,0
0,1,0,0
0,1,0,0
0,1,0,0
0,0,1,0
1,0,0,0
1,0,0,0
0,0,1,0
0,0,0,1
0,1,0,0
0,1,0,0
1,0,0,0
1,0,0,0
1,0,0,0
0,0,0,1
0,1,0,0
1,0,0,0
0,0,0,1
0,1,0,0
0,0,1,0
1,0,0,0
1,0,0,0
0,0,0,1
0,0,0,1
0,0,1,0
0,1,0,0
0,0,0,1
0,1,0,0
0,0,1,0
0,1,0,0
0,0,1,0
0,0,1,0
0,0,0,1
0,1,0,0
0,0,1,0
1,0,0,0
1,0,0,0
0,0,0,1
0,0,0,1
0,0,1,0
0,1,0,0
0,0,1,0
0,0,0,1
1,0,0,0
0,0,0,1
1,0,0,0
0,0,1,0
1,0,0,0
0,0,1,0
0,0,1,0
0,1,0,0
1,0,0,0
0,0,0,1
0,0,0,1
0,0,1,0
0,0,1,0
0,1,0,0
1,0,0,0
0,0,1,0
1,0,0,0
0,1,0,0
1,0,0,0
0,1,0,0
0,1,0,0
0,1,0,0
0,0,0,1
0,1,0,0
0,0,1,0
0,1,0,0
0,0,1,0
0,0,1,0
0,0,1,0
0,0,0,1
1,0,0,0
1,0,0,0
0,1,0,0
0,0,0,1
0,0,1,0
0,1,0,0
0,0,1,0
0,0,1,0
0,0,1,0
0,1,0,0
0,0,1,0
0,0,1,0
1,0,0,0
0,1,0,0
0,1,0,0
0,0,0,1
0,1,0,0
0,0,0,1
0,1,0,0
0,1,0,0
0,1,0,0
0,1,0,0
0,1,0,0
1,0,0,0
0,0,0,1
0,1,0,0
0,1,0,0
1,0,0,0
0,1,0,0
0,0,1,0
0,1,0,0
1,0,0,0
0,1,0,0
1,0,0,0
0,1,0,0
0,1,0,0
1,0,0,0
0,0,1,0
0,1,0,0
0,1,0,0
0,0,0,1
0,0,1,0
1,0,0,0
0,0,1,0
1,0,0,0
0,0,1,0
1,0,0,0
0,0,0,1
0,0,1,0
0,0,1,0
1,0,0,0
0,1,0,0
0,1,0,0
1,0,0,0
0,0,0,1
0,1,0,0
0,1,0,0
1,0,0,0
1,0,0,0
0,0,1,0
1,0,0,0
1,0,0,0
0,1,0,0
0,1,0,0
0,0,1,0
1,0,0,0
0,1,0,0
0,1,0,0
0,1,0,0
0,0,1,0
0,0,1,0
0,0,1,0
0,0,1,0
1,0,0,0
0,0,1,0
0,0,0,1
1,0,0,0
0,1,0,0
1,0,0,0
0,1,0,0
0,0,1,0
0,1,0,0
0,0,1,0
1,0,0,0
0,1,0,0
0,1,0,0
1,0,0,0
0,1,0,0
0,1,0,0
0,1,0,0
0,1,0,0
0,1,0,0
1,0,0,0
0,0,0,1
1,0,0,0
0,0,1,0
0,1,0,0
0,0,1,0
0,0,1,0
0,1,0,0
0,1,0,0
0,0,0,1
0,0,1,0
0,0,1,0
0,0,1,0
0,0,1,0
0,1,0,0
0,0,1,0
1,0,0,0
0,1,0,0
0,0,1,0
1,0,0,0
1,0,0,0
0,1,0,0
1,0,0,0
0,1,0,0
0,0,1,0
1,0,0,0
0,1,0,0
0,1,0,0
1,0,0,0
0,0,1,0
0,0,1,0
1,0,0,0
0,1,0,0
1,0,0,0
1,0,0,0
1,0,0,0
1,0,0,0
0,1,0,0
0,1,0,0
0,0,1,0
0,1,0,0
0,0,1,0
0,0,1,0
0,1,0,0
0,0,1,0
1,0,0,0
0,1,0,0
0,1,0,0
0,1,0,0
0,0,1,0
1,0,0,0
1,0,0,0
0,1,0,0
0,1,0,0
0,1,0,0
1,0,0,0
1,0,0,0
0,0,0,1
0,0,0,1
1,0,0,0
0,1,0,0
0,0,1,0
0,0,1,0
1,0,0,0
1,0,0,0
0,1,0,0
1,0,0,0
0,1,0,0
0,1,0,0
0,1,0,0
0,1,0,0
0,1,0,0
0,1,0,0
0,1,0,0
0,1,0,0
0,1,0,0
0,0,1,0
0,1,0,0
0,0,1,0
1,0,0,0
0,1,0,0
0,0,0,1
0,1,0,0
1,0,0,0
0,1,0,0
0,1,0,0
0,1,0,0
1,0,0,0
0,1,0,0
1,0,0,0
1,0,0,0
0,1,0,0
0,1,0,0
0,0,1,0
1,0,0,0
0,0,1,0
0,1,0,0
0,1,0,0
0,1,0,0
0,1,0,0
1,0,0,0
0,1,0,0
0,1,0,0
1,0,0,0
0,0,1,0
0,0,1,0
0,0,0,1
0,1,0,0
0,0,0,1
0,1,0,0
1,0,0,0
0,0,0,1
0,1,0,0
0,1,0,0
1,0,0,0
0,0,1,0
0,1,0,0
0,0,1,0
0,1,0,0
0,1,0,0
0,1,0,0
0,0,0,1
0,1,0,0
1,0,0,0
1,0,0,0
0,1,0,0
0,1,0,0
0,1,0,0
1,0,0,0
1,0,0,0
0,0,0,1
0,0,1,0
1,0,0,0
0,1,0,0
0,0,1,0
0,1,0,0
1,0,0,0
1,0,0,0
0,1,0,0
0,0,1,0
0,0,1,0
0,0,0,1
0,0,1,0
0,1,0,0
1,0,0,0
0,1,0,0
0,0,0,1
1,0,0,0
0,0,0,1
0,0,1,0
0,0,1,0
0,0,0,1
0,0,0,1
0,1,0,0
0,1,0,0
0,0,1,0
1,0,0,0
1,0,0,0
0,1,0,0
0,1,0,0
0,0,0,1
0,0,1,0
0,1,0,0
0,0,0,1
0,1,0,0
0,0,0,1
1,0,0,0
0,0,1,0
0,0,1,0
0,1,0,0
0,0,0,1
1,0,0,0
0,0,1,0
0,1,0,0
0,0,1,0
0,1,0,0
1,0,0,0
0,1,0,0
0,0,0,1
0,0,0,1
0,1,0,0
0,1,0,0
0,1,0,0
1,0,0,0
1,0,0,0
0,0,1,0
0,0,1,0
0,1,0,0
0,0,1,0
0,0,1,0
0,0,1,0
0,0,0,1
0,0,0,1
0,0,1,0
0,0,1,0
0,0,1,0
0,1,0,0
0,0,0,1
0,1,0,0
0,0,0,1
0,0,1,0
0,0,0,1
0,1,0,0
0,0,0,1
0,0,0,1
1,0,0,0
0,0,0,1
0,0,1,0
0,0,1,0
0,0,1,0
0,1,0,0
0,0,0,1
0,0,1,0
0,0,0,1
0,1,0,0
0,0,1,0
0,1,0,0
0,0,1,0
0,0,0,1
0,0,1,0
0,0,1,0
0,0,1,0
1,0,0,0
0,1,0,0
0,0,0,1
0,1,0,0
0,0,1,0
0,1,0,0
0,1,0,0
0,1,0,0
0,1,0,0
0,1,0,0
0,1,0,0
1,0,0,0
0,0,1,0
0,0,0,1
0,0,0,1
1,0,0,0
0,1,0,0
0,0,1,0
0,0,1,0
0,1,0,0
0,1,0,0
0,1,0,0
1,0,0,0
0,1,0,0
0,0,0,1
0,1,0,0
1,0,0,0
0,1,0,0
0,1,0,0
1,0,0,0
1,0,0,0
1,0,0,0
1,0,0,0
0,0,1,0
0,1,0,0
1,0,0,0
0,1,0,0
0,0,0,1
1,0,0,0
1,0,0,0
0,0,1,0
0,1,0,0
0,0,1,0
0,0,0,1
0,1,0,0
1,0,0,0
0,0,1,0
0,0,0,1
0,1,0,0
0,1,0,0
0,1,0,0
0,0,0,1
0,1,0,0
0,0,0,1
0,0,0,1
0,0,1,0
0,0,1,0
0,1,0,0
0,0,0,1
0,0,1,0
1,0,0,0
0,0,1,0
0,1,0,0
0,1,0,0
0,0,0,1
0,1,0,0
0,1,0,0
0,0,1,0
0,0,0,1
1,0,0,0
0,1,0,0
0,0,0,1
0,0,1,0
1,0,0,0
1,0,0,0
0,1,0,0
0,0,1,0
0,0,1,0
1,0,0,0
0,0,0,1
0,0,0,1
0,0,1,0
0,0,1,0
0,0,1,0
0,1,0,0
0,0,0,1
0,1,0,0
0,0,1,0
0,0,1,0
1,0,0,0
0,1,0,0
0,1,0,0
0,1,0,0
0,0,0,1
0,1,0,0
1,0,0,0
0,1,0,0
0,1,0,0
0,0,0,1
0,1,0,0
0,1,0,0
1,0,0,0
0,1,0,0
0,1,0,0
0,0,1,0
0,1,0,0
0,1,0,0
0,1,0,0
1,0,0,0
0,0,1,0
0,0,1,0
0,0,1,0
0,0,1,0
0,1,0,0
1,0,0,0
1,0,0,0
0,0,0,1
1,0,0,0
0,0,1,0
0,0,1,0
1,0,0,0
0,0,0,1
0,0,1,0
0,0,0,1
0,0,0,1
0,0,0,1
0,1,0,0
0,1,0,0
0,0,1,0
0,1,0,0
0,1,0,0
0,0,0,1
0,0,1,0
0,0,0,1
1,0,0,0
1,0,0,0
0,1,0,0
0,1,0,0
0,1,0,0
0,0,1,0
0,0,0,1
1,0,0,0
0,1,0,0
0,1,0,0
0,0,1,0
1,0,0,0
0,1,0,0
0,1,0,0
0,0,0,1
0,0,1,0
0,1,0,0
0,1,0,0
0,1,0,0
0,0,0,1
0,1,0,0
0,0,1,0
1,0,0,0
1,0,0,0
0,0,0,1
1,0,0,0
1,0,0,0
1,0,0,0
1,0,0,0
0,0,1,0
0,0,0,1
0,0,1,0
0,1,0,0
0,1,0,0
0,0,1,0
0,1,0,0
1,0,0,0
0,0,0,1
0,1,0,0
1,0,0,0
0,0,1,0
0,1,0,0
1,0,0,0
1,0,0,0
0,0,0,1
0,0,1,0
1,0,0,0
0,1,0,0
0,0,1,0
0,0,0,1
1,0,0,0
0,0,1,0
0,0,0,1
0,0,1,0
0,0,0,1
0,0,1,0
0,1,0,0
0,0,1,0
0,0,0,1
0,1,0,0
0,0,1,0
0,0,0,1
0,1,0,0
1,0,0,0
1,0,0,0
0,1,0,0
0,0,0,1
1,0,0,0
0,0,0,1
0,1,0,0
1,0,0,0
1,0,0,0
0,1,0,0
1,0,0,0
0,0,1,0
1,0,0,0
0,0,1,0
0,0,1,0
0,1,0,0
0,1,0,0
0,1,0,0
1,0,0,0
0,1,0,0
1,0,0,0
0,0,1,0
0,0,0,1
0,1,0,0
0,1,0,0
0,1,0,0
1,0,0,0
0,0,1,0
0,0,0,1
1,0,0,0
1,0,0,0
0,1,0,0
0,1,0,0
0,0,1,0
0,0,1,0
1,0,0,0
0,1,0,0
0,1,0,0
1,0,0,0
0,0,0,1
0,0,1,0
1,0,0,0
0,1,0,0
0,1,0,0
1,0,0,0
0,0,1,0
0,1,0,0
0,1,0,0
0,0,1,0
1,0,0,0
0,0,1,0
1,0,0,0
0,0,1,0
0,0,1,0
0,0,1,0
1,0,0,0
0,1,0,0
0,0,1,0
0,1,0,0
0,1,0,0
0,0,0,1
0,0,0,1
0,1,0,0
0,0,1,0
0,1,0,0
0,1,0,0
1,0,0,0
0,0,1,0
1,0,0,0
1,0,0,0
1,0,0,0
0,0,0,1
1,0,0,0
1,0,0,0
1,0,0,0
0,1,0,0
1,0,0,0
0,0,1,0
0,0,0,1
0,1,0,0
1,0,0,0
1,0,0,0
0,1,0,0
0,0,1,0
0,1,0,0
0,0,0,1
0,0,1,0
0,1,0,0
0,1,0,0
0,1,0,0
0,0,0,1
0,0,1,0
0,1,0,0
1,0,0,0
0,0,1,0
0,0,1,0
0,1,0,0
0,1,0,0
0,1,0,0
1,0,0,0
0,0,0,1
1,0,0,0
0,1,0,0
0,1,0,0
1,0,0,0
0,1,0,0
0,0,1,0
0,1,0,0
1,0,0,0
0,1,0,0
0,1,0,0
0,1,0,0
0,0,0,1
0,0,0,1
0,0,1,0
0,1,0,0
0,1,0,0
0,0,1,0
0,0,0,1
0,0,1,0
1,0,0,0
0,1,0,0
1,0,0,0
0,1,0,0
1,0,0,0
1,0,0,0
0,0,1,0
1,0,0,0
0,1,0,0
0,0,0,1
1,0,0,0
0,1,0,0
0,1,0,0
0,1,0,0
1,0,0,0
1,0,0,0
0,1,0,0
0,1,0,0
0,0,0,1
0,0,0,1
1,0,0,0
1,0,0,0
0,1,0,0
0,0,1,0
0,0,1,0
1,0,0,0
0,0,1,0
0,1,0,0
0,1,0,0
0,0,1,0
0,1,0,0
1,0,0,0
1,0,0,0
1,0,0,0
0,0,1,0
0,1,0,0
0,0,1,0
0,0,1,0
0,1,0,0
0,0,0,1
0,0,1,0
0,0,0,1
0,1,0,0
0,1,0,0
0,0,1,0
0,1,0,0
0,0,1,0
0,1,0,0
0,0,1,0
0,0,0,1
0,1,0,0
0,0,1,0
0,0,1,0
1,0,0,0
0,0,1,0
0,1,0,0
0,0,1,0
0,1,0,0
1,0,0,0
0,0,1,0
1,0,0,0
1,0,0,0
0,0,0,1
0,1,0,0
1,0,0,0
0,1,0,0
1,0,0,0
1,0,0,0
0,1,0,0
0,1,0,0
0,0,0,1
0,1,0,0
0,1,0,0
0,0,1,0
1,0,0,0
0,1,0,0
0,1,0,0
1,0,0,0
0,1,0,0
1,0,0,0
0,1,0,0
0,0,0,1
0,1,0,0
0,1,0,0
1,0,0,0
1,0,0,0
0,0,1,0
0,1,0,0
0,1,0,0
0,1,0,0
1,0,0,0
0,0,1,0
0,1,0,0
1,0,0,0
1,0,0,0
0,1,0,0
0,0,0,1
0,0,0,1
1,0,0,0
1,0,0,0
0,0,1,0
0,1,0,0
0,1,0,0
0,1,0,0
0,0,1,0
0,1,0,0
0,0,1,0
1,0,0,0
0,0,1,0
1,0,0,0
0,1,0,0
0,0,1,0
0,0,1,0
1,0,0,0
1,0,0,0
0,0,0,1
0,0,0,1
0,1,0,0
1,0,0,0
0,1,0,0
0,0,1,0
0,0,0,1
0,1,0,0
0,0,1,0
0,0,1,0
0,0,0,1
1,0,0,0
0,0,1,0
1,0,0,0
0,1,0,0
0,1,0,0
0,1,0,0
0,1,0,0
1,0,0,0
0,0,1,0
0,1,0,0
0,0,1,0
1,0,0,0
0,1,0,0
0,1,0,0
0,0,0,1
0,1,0,0
0,1,0,0
1,0,0,0
1,0,0,0
0,1,0,0
1,0,0,0
1,0,0,0
0,0,0,1
0,0,1,0
1,0,0,0
0,1,0,0
0,1,0,0
1,0,0,0
1,0,0,0
0,0,1,0
0,1,0,0
0,1,0,0
0,0,0,1
0,0,0,1
0,0,0,1
0,0,1,0
0,0,0,1
1,0,0,0
0,1,0,0
0,0,1,0
0,1,0,0
0,1,0,0
0,1,0,0
0,0,1,0
0,0,1,0
1,0,0,0
0,1,0,0
0,0,0,1
0,1,0,0
1,0,0,0
0,0,1,0
0,1,0,0
0,0,1,0
1,0,0,0
0,1,0,0
0,1,0,0
0,1,0,0
0,1,0,0
0,0,1,0
0,1,0,0
0,0,0,1
0,0,1,0
1,0,0,0
0,0,1,0
0,0,1,0
0,0,0,1
0,0,1,0
0,0,1,0
0,0,0,1
0,0,0,1
0,1,0,0
0,0,1,0
0,1,0,0
0,1,0,0
0,0,0,1
0,0,0,1
0,0,1,0
0,0,0,1
0,0,0,1
0,0,0,1
0,1,0,0
0,1,0,0
0,0,0,1
0,0,1,0
0,0,1,0
0,1,0,0
0,1,0,0
0,0,1,0
0,0,0,1
0,1,0,0
0,1,0,0
1,0,0,0
0,1,0,0
0,0,0,1
0,1,0,0
1,0,0,0
1,0,0,0
0,1,0,0
0,0,1,0
0,0,0,1
0,1,0,0
0,1,0,0
0,1,0,0
1,0,0,0
0,0,1,0
0,0,0,1
1,0,0,0
0,1,0,0
1,0,0,0
0,0,1,0
0,0,1,0
1,0,0,0
0,1,0,0
0,0,1,0
0,1,0,0
0,1,0,0
0,0,0,1
0,0,0,1
1,0,0,0
0,1,0,0
0,0,0,1
0,1,0,0
0,0,1,0
0,1,0,0
0,0,1,0
0,1,0,0
0,0,1,0
1,0,0,0
0,0,0,1
0,0,0,1
0,0,1,0
0,0,0,1
0,1,0,0
1,0,0,0
1,0,0,0
0,0,1,0
0,0,0,1
0,0,0,1
0,1,0,0
0,0,0,1
0,1,0,0
0,0,0,1
0,0,0,1
0,0,0,1
0,1,0,0
0,1,0,0
1,0,0,0
0,0,1,0
0,1,0,0
0,1,0,0
0,1,0,0
0,1,0,0
0,0,0,1
0,1,0,0
0,0,0,1
1,0,0,0
0,1,0,0
0,0,1,0
1,0,0,0
0,1,0,0
0,0,1,0
0,1,0,0
0,1,0,0
0,1,0,0
0,1,0,0
1,0,0,0
0,1,0,0
0,1,0,0
0,0,0,1
1,0,0,0
1,0,0,0
1,0,0,0
1,0,0,0
1,0,0,0
0,0,1,0
0,0,1,0
0,1,0,0
0,1,0,0
1,0,0,0
0,0,0,1
0,1,0,0
0,1,0,0
0,1,0,0
0,1,0,0
0,1,0,0
1,0,0,0
0,0,1,0
0,0,1,0
1,0,0,0
0,1,0,0
0,1,0,0
1,0,0,0
0,0,0,1
1,0,0,0
0,0,0,1
1,0,0,0
0,0,1,0
0,1,0,0
0,1,0,0
0,0,0,1
0,1,0,0
0,0,0,1
0,0,0,1
0,1,0,0
0,1,0,0
1,0,0,0
1,0,0,0
0,0,1,0
1,0,0,0
1,0,0,0
0,1,0,0
0,0,1,0
1,0,0,0
0,0,1,0
0,1,0,0
0,1,0,0
0,1,0,0
0,1,0,0
0,0,1,0
0,1,0,0
0,1,0,0
0,1,0,0
0,0,1,0
1,0,0,0
0,1,0,0
1,0,0,0
0,0,1,0
0,1,0,0
0,0,0,1
0,1,0,0
0,1,0,0
1,0,0,0
0,0,0,1
0,1,0,0
0,0,0,1
0,0,1,0
1,0,0,0
1,0,0,0
0,0,1,0
1,0,0,0
1,0,0,0
0,0,0,1
0,0,0,1
0,0,1,0
0,0,0,1
0,0,0,1
1,0,0,0
0,0,1,0
0,0,1,0
1,0,0,0
1,0,0,0
0,1,0,0
0,0,1,0
0,1,0,0
0,1,0,0
0,1,0,0
0,0,1,0
0,0,1,0
0,0,0,1
0,1,0,0
0,0,0,1
0,1,0,0
0,0,1,0
0,0,0,1
0,0,1,0
0,0,0,1
0,0,1,0
1,0,0,0
0,0,1,0
0,1,0,0
0,1,0,0
0,1,0,0
1,0,0,0
0,1,0,0
0,0,1,0
0,1,0,0
0,1,0,0
0,1,0,0
0,1,0,0
1,0,0,0
1,0,0,0
0,1,0,0
0,0,1,0
0,1,0,0
0,0,0,1
1,0,0,0
1,0,0,0
0,0,0,1
0,1,0,0
0,1,0,0
1,0,0,0
0,0,0,1
1,0,0,0
1,0,0,0
0,0,0,1
0,0,0,1
0,1,0,0
0,1,0,0
1,0,0,0
0,1,0,0
0,1,0,0
0,0,1,0
1,0,0,0
0,0,1,0
0,0,1,0
0,0,0,1
0,0,1,0
0,0,0,1
0,0,1,0
0,0,0,1
0,0,1,0
0,0,1,0
0,0,1,0
0,1,0,0
0,1,0,0
0,0,0,1
0,0,1,0
0,0,0,1
0,0,1,0
0,1,0,0
1,0,0,0
1,0,0,0
0,1,0,0
0,1,0,0
0,1,0,0
1,0,0,0
0,0,0,1
0,1,0,0
0,0,1,0
0,1,0,0
0,1,0,0
0,0,0,1
1,0,0,0
1,0,0,0
0,0,1,0
0,1,0,0
0,0,0,1
1,0,0,0
0,1,0,0
1,0,0,0
0,1,0,0
0,1,0,0
0,0,0,1
0,1,0,0
1,0,0,0
0,0,1,0
1,0,0,0
1,0,0,0
1,0,0,0
1,0,0,0
0,0,1,0
1,0,0,0
1,0,0,0
0,0,1,0
1,0,0,0
0,0,1,0
0,0,0,1
0,0,1,0
0,0,1,0
1,0,0,0
0,0,1,0
1,0,0,0
1,0,0,0
0,0,1,0
0,0,1,0
0,1,0,0
0,1,0,0
0,0,1,0
0,1,0,0
1,0,0,0
1,0,0,0
0,1,0,0
0,0,1,0
1,0,0,0
1,0,0,0
0,0,0,1
0,0,0,1
1,0,0,0
0,0,1,0
0,1,0,0
0,0,1,0
0,1,0,0
1,0,0,0
1,0,0,0
0,1,0,0
1,0,0,0
0,0,0,1
0,1,0,0
0,1,0,0
0,1,0,0
0,1,0,0
1,0,0,0
0,0,0,1
0,1,0,0
0,0,0,1
0,0,1,0
1,0,0,0
0,1,0,0
0,0,1,0
0,1,0,0
0,1,0,0
0,1,0,0
0,1,0,0
0,0,1,0
0,0,1,0
1,0,0,0
0,1,0,0
0,0,0,1
0,0,1,0
0,0,1,0
1,0,0,0
0,1,0,0
1,0,0,0
0,0,1,0
0,1,0,0
0,0,0,1
1,0,0,0
1,0,0,0
0,1,0,0
0,1,0,0
0,1,0,0
0,1,0,0
0,1,0,0
0,1,0,0
0,1,0,0
1,0,0,0
0,0,1,0
0,0,1,0
0,1,0,0
0,1,0,0
0,1,0,0
0,0,0,1
0,1,0,0
0,0,1,0
1,0,0,0
0,1,0,0
0,1,0,0
1,0,0,0
1,0,0,0
0,1,0,0
0,1,0,0
0,1,0,0
0,1,0,0
0,0,0,1
0,1,0,0
0,0,0,1
0,1,0,0
1,0,0,0
1,0,0,0
1,0,0,0
0,0,1,0
0,0,1,0
0,1,0,0
0,0,1,0
0,1,0,0
0,1,0,0
0,0,0,1
0,1,0,0
1,0,0,0
0,1,0,0
0,0,1,0
1,0,0,0
0,1,0,0
0,1,0,0
0,0,1,0
0,1,0,0
0,1,0,0
0,1,0,0
0,1,0,0
1,0,0,0
0,1,0,0
1,0,0,0
0,0,0,1
0,0,0,1
0,0,1,0
1,0,0,0
0,1,0,0
0,0,1,0
0,0,1,0
0,0,1,0
0,1,0,0
0,1,0,0
0,1,0,0
0,1,0,0
0,1,0,0
0,0,1,0
0,0,1,0
0,1,0,0
0,1,0,0
0,1,0,0
0,0,1,0
0,0,1,0
0,0,0,1
1,0,0,0
0,0,1,0
0,1,0,0
0,0,1,0
0,1,0,0
1,0,0,0
0,1,0,0
0,1,0,0
0,0,0,1
1,0,0,0
1,0,0,0
0,1,0,0
0,0,1,0
0,1,0,0
0,1,0,0
0,1,0,0
0,1,0,0
0,1,0,0
0,0,1,0
1,0,0,0
0,0,1,0
1,0,0,0
1,0,0,0
1,0,0,0
0,1,0,0
1,0,0,0
1,0,0,0
0,1,0,0
0,1,0,0
0,0,1,0
0,0,1,0
0,1,0,0
0,0,1,0
1,0,0,0
0,1,0,0
0,1,0,0
0,1,0,0
1,0,0,0
0,0,1,0
0,1,0,0
0,0,1,0
1,0,0,0
0,0,1,0
1,0,0,0
0,1,0,0
0,1,0,0
0,0,0,1
1,0,0,0
0,1,0,0
0,1,0,0
0,0,1,0
0,0,1,0
0,0,1,0
0,1,0,0
0,0,1,0
0,1,0,0
0,0,1,0
0,0,1,0
1,0,0,0
0,0,0,1
0,1,0,0
0,0,1,0
0,1,0,0
0,1,0,0
0,1,0,0
0,0,0,1
0,1,0,0
0,0,1,0
0,1,0,0
0,0,1,0
0,0,1,0
0,0,0,1
0,1,0,0
0,0,0,1
1,0,0,0
0,0,1,0
1,0,0,0
1,0,0,0
1,0,0,0
0,1,0,0
0,0,1,0
1,0,0,0
0,1,0,0
0,0,1,0
